,target
0,Bird
1,Airplane
2,Airplane
3,Airplane
4,Airplane
5,Bird
6,Airplane
7,Bird
8,Bird
9,Bird
10,Airplane
11,Airplane
12,Airplane
13,Airplane
14,Bird
15,Bird
16,Airplane
17,Bird
18,Airplane
19,Bird
20,Bird
21,Airplane
22,Bird
23,Airplane
24,Bird
25,Bird
26,Airplane
27,Bird
28,Airplane
29,Bird
30,Bird
31,Airplane
32,Airplane
33,Airplane
34,Bird
35,Bird
36,Bird
37,Airplane
38,Airplane
39,Airplane
40,Airplane
41,Bird
42,Airplane
43,Bird
44,Bird
45,Airplane
46,Airplane
47,Airplane
48,Bird
49,Airplane
50,Airplane
51,Airplane
52,Airplane
53,Airplane
54,Airplane
55,Airplane
56,Airplane
57,Airplane
58,Airplane
59,Airplane
60,Bird
61,Bird
62,Bird
63,Bird
64,Bird
65,Bird
66,Airplane
67,Bird
68,Airplane
69,Bird
70,Airplane
71,Bird
72,Bird
73,Bird
74,Airplane
75,Bird
76,Airplane
77,Airplane
78,Airplane
79,Airplane
80,Bird
81,Airplane
82,Bird
83,Airplane
84,Bird
85,Airplane
86,Bird
87,Bird
88,Bird
89,Bird
90,Airplane
91,Bird
92,Airplane
93,Airplane
94,Airplane
95,Bird
96,Airplane
97,Airplane
98,Airplane
99,Airplane
100,Airplane
101,Airplane
102,Airplane
103,Bird
104,Airplane
105,Bird
106,Bird
107,Airplane
108,Airplane
109,Bird
110,Airplane
111,Airplane
112,Airplane
113,Bird
114,Airplane
115,Bird
116,Airplane
117,Airplane
118,Airplane
119,Bird
120,Airplane
121,Bird
122,Airplane
123,Bird
124,Bird
125,Bird
126,Bird
127,Airplane
128,Airplane
129,Airplane
130,Bird
131,Airplane
132,Bird
133,Bird
134,Bird
135,Bird
136,Bird
137,Airplane
138,Airplane
139,Airplane
140,Airplane
141,Airplane
142,Airplane
143,Airplane
144,Airplane
145,Bird
146,Airplane
147,Airplane
148,Airplane
149,Airplane
150,Airplane
151,Airplane
152,Airplane
153,Bird
154,Bird
155,Bird
156,Airplane
157,Airplane
158,Bird
159,Bird
160,Airplane
161,Airplane
162,Bird
163,Bird
164,Airplane
165,Airplane
166,Airplane
167,Airplane
168,Bird
169,Bird
170,Bird
171,Bird
172,Airplane
173,Bird
174,Bird
175,Bird
176,Bird
177,Airplane
178,Airplane
179,Airplane
180,Airplane
181,Airplane
182,Airplane
183,Bird
184,Bird
185,Airplane
186,Airplane
187,Bird
188,Bird
189,Airplane
190,Airplane
191,Bird
192,Bird
193,Airplane
194,Bird
195,Bird
196,Bird
197,Bird
198,Bird
199,Bird
200,Bird
201,Airplane
202,Bird
203,Bird
204,Airplane
205,Bird
206,Airplane
207,Airplane
208,Bird
209,Airplane
210,Bird
211,Bird
212,Airplane
213,Bird
214,Bird
215,Airplane
216,Bird
217,Bird
218,Bird
219,Airplane
220,Airplane
221,Airplane
222,Airplane
223,Airplane
224,Airplane
225,Bird
226,Airplane
227,Bird
228,Airplane
229,Bird
230,Airplane
231,Airplane
232,Airplane
233,Airplane
234,Airplane
235,Airplane
236,Bird
237,Bird
238,Bird
239,Bird
240,Airplane
241,Airplane
242,Airplane
243,Airplane
244,Bird
245,Bird
246,Bird
247,Bird
248,Bird
249,Airplane
250,Bird
251,Bird
252,Bird
253,Bird
254,Airplane
255,Bird
256,Airplane
257,Airplane
258,Airplane
259,Airplane
260,Bird
261,Bird
262,Bird
263,Bird
264,Bird
265,Airplane
266,Bird
267,Airplane
268,Bird
269,Bird
270,Airplane
271,Bird
272,Airplane
273,Bird
274,Bird
275,Airplane
276,Bird
277,Bird
278,Bird
279,Airplane
280,Airplane
281,Airplane
282,Bird
283,Bird
284,Bird
285,Airplane
286,Airplane
287,Bird
288,Airplane
289,Bird
290,Airplane
291,Bird
292,Airplane
293,Airplane
294,Airplane
295,Bird
296,Bird
297,Airplane
298,Bird
299,Airplane
300,Bird
301,Airplane
302,Airplane
303,Bird
304,Airplane
305,Airplane
306,Airplane
307,Bird
308,Airplane
309,Airplane
310,Airplane
311,Bird
312,Bird
313,Bird
314,Airplane
315,Airplane
316,Bird
317,Airplane
318,Airplane
319,Bird
320,Bird
321,Airplane
322,Bird
323,Bird
324,Bird
325,Airplane
326,Airplane
327,Bird
328,Airplane
329,Airplane
330,Bird
331,Bird
332,Bird
333,Bird
334,Airplane
335,Bird
336,Airplane
337,Airplane
338,Airplane
339,Airplane
340,Bird
341,Airplane
342,Bird
343,Bird
344,Airplane
345,Bird
346,Bird
347,Bird
348,Airplane
349,Bird
350,Airplane
351,Airplane
352,Bird
353,Bird
354,Bird
355,Airplane
356,Bird
357,Airplane
358,Airplane
359,Bird
360,Airplane
361,Bird
362,Bird
363,Airplane
364,Airplane
365,Airplane
366,Airplane
367,Bird
368,Airplane
369,Airplane
370,Bird
371,Airplane
372,Airplane
373,Airplane
374,Bird
375,Airplane
376,Bird
377,Airplane
378,Airplane
379,Bird
380,Airplane
381,Bird
382,Bird
383,Bird
384,Airplane
385,Bird
386,Bird
387,Airplane
388,Bird
389,Bird
390,Airplane
391,Bird
392,Airplane
393,Bird
394,Bird
395,Airplane
396,Bird
397,Bird
398,Bird
399,Bird
400,Bird
401,Airplane
402,Bird
403,Airplane
404,Bird
405,Airplane
406,Airplane
407,Airplane
408,Bird
409,Bird
410,Bird
411,Airplane
412,Airplane
413,Bird
414,Bird
415,Bird
416,Airplane
417,Bird
418,Airplane
419,Airplane
420,Airplane
421,Airplane
422,Airplane
423,Bird
424,Bird
425,Bird
426,Bird
427,Airplane
428,Bird
429,Bird
430,Airplane
431,Airplane
432,Bird
433,Bird
434,Bird
435,Airplane
436,Airplane
437,Airplane
438,Airplane
439,Bird
440,Bird
441,Bird
442,Bird
443,Bird
444,Bird
445,Airplane
446,Bird
447,Airplane
448,Airplane
449,Bird
450,Airplane
451,Bird
452,Bird
453,Bird
454,Airplane
455,Bird
456,Bird
457,Bird
458,Bird
459,Airplane
460,Airplane
461,Airplane
462,Airplane
463,Bird
464,Bird
465,Airplane
466,Airplane
467,Bird
468,Bird
469,Bird
470,Bird
471,Airplane
472,Bird
473,Bird
474,Bird
475,Airplane
476,Airplane
477,Bird
478,Airplane
479,Bird
480,Airplane
481,Bird
482,Airplane
483,Airplane
484,Bird
485,Airplane
486,Airplane
487,Airplane
488,Bird
489,Bird
490,Bird
491,Airplane
492,Airplane
493,Bird
494,Bird
495,Bird
496,Airplane
497,Bird
498,Airplane
499,Airplane
500,Airplane
501,Bird
502,Bird
503,Airplane
504,Airplane
505,Airplane
506,Bird
507,Bird
508,Bird
509,Bird
510,Bird
511,Airplane
512,Airplane
513,Bird
514,Airplane
515,Bird
516,Bird
517,Bird
518,Bird
519,Bird
520,Bird
521,Bird
522,Airplane
523,Bird
524,Airplane
525,Bird
526,Bird
527,Airplane
528,Airplane
529,Airplane
530,Airplane
531,Airplane
532,Bird
533,Airplane
534,Airplane
535,Bird
536,Airplane
537,Bird
538,Airplane
539,Airplane
540,Airplane
541,Airplane
542,Bird
543,Airplane
544,Airplane
545,Airplane
546,Bird
547,Airplane
548,Bird
549,Airplane
550,Airplane
551,Bird
552,Bird
553,Bird
554,Airplane
555,Airplane
556,Airplane
557,Bird
558,Bird
559,Airplane
560,Airplane
561,Bird
562,Airplane
563,Airplane
564,Bird
565,Bird
566,Airplane
567,Bird
568,Airplane
569,Airplane
570,Airplane
571,Airplane
572,Bird
573,Bird
574,Airplane
575,Bird
576,Airplane
577,Airplane
578,Bird
579,Airplane
580,Bird
581,Bird
582,Airplane
583,Bird
584,Airplane
585,Bird
586,Bird
587,Bird
588,Airplane
589,Airplane
590,Bird
591,Bird
592,Bird
593,Airplane
594,Airplane
595,Bird
596,Bird
597,Bird
598,Bird
599,Airplane
600,Bird
601,Airplane
602,Bird
603,Bird
604,Airplane
605,Bird
606,Bird
607,Airplane
608,Bird
609,Airplane
610,Bird
611,Airplane
612,Bird
613,Airplane
614,Bird
615,Airplane
616,Bird
617,Airplane
618,Airplane
619,Bird
620,Bird
621,Bird
622,Airplane
623,Bird
624,Bird
625,Bird
626,Airplane
627,Bird
628,Bird
629,Bird
630,Bird
631,Airplane
632,Bird
633,Bird
634,Airplane
635,Airplane
636,Bird
637,Bird
638,Bird
639,Bird
640,Airplane
641,Bird
642,Bird
643,Airplane
644,Bird
645,Bird
646,Bird
647,Bird
648,Bird
649,Airplane
650,Airplane
651,Airplane
652,Airplane
653,Bird
654,Airplane
655,Airplane
656,Airplane
657,Bird
658,Airplane
659,Bird
660,Bird
661,Airplane
662,Bird
663,Bird
664,Airplane
665,Bird
666,Airplane
667,Bird
668,Airplane
669,Bird
670,Bird
671,Bird
672,Bird
673,Airplane
674,Bird
675,Bird
676,Airplane
677,Bird
678,Airplane
679,Bird
680,Airplane
681,Bird
682,Airplane
683,Airplane
684,Airplane
685,Bird
686,Bird
687,Bird
688,Airplane
689,Airplane
690,Bird
691,Bird
692,Bird
693,Bird
694,Bird
695,Airplane
696,Airplane
697,Bird
698,Bird
699,Bird
700,Bird
701,Airplane
702,Airplane
703,Bird
704,Airplane
705,Bird
706,Airplane
707,Airplane
708,Airplane
709,Airplane
710,Bird
711,Airplane
712,Bird
713,Airplane
714,Bird
715,Bird
716,Airplane
717,Bird
718,Bird
719,Bird
720,Airplane
721,Bird
722,Airplane
723,Airplane
724,Airplane
725,Bird
726,Airplane
727,Bird
728,Bird
729,Airplane
730,Bird
731,Bird
732,Bird
733,Bird
734,Airplane
735,Bird
736,Airplane
737,Airplane
738,Airplane
739,Bird
740,Bird
741,Bird
742,Bird
743,Airplane
744,Airplane
745,Airplane
746,Bird
747,Bird
748,Airplane
749,Bird
750,Bird
751,Airplane
752,Airplane
753,Bird
754,Bird
755,Airplane
756,Bird
757,Airplane
758,Airplane
759,Bird
760,Bird
761,Airplane
762,Bird
763,Bird
764,Airplane
765,Bird
766,Airplane
767,Bird
768,Airplane
769,Airplane
770,Airplane
771,Airplane
772,Airplane
773,Bird
774,Bird
775,Airplane
776,Bird
777,Bird
778,Bird
779,Bird
780,Bird
781,Bird
782,Airplane
783,Bird
784,Bird
785,Airplane
786,Airplane
787,Airplane
788,Airplane
789,Bird
790,Airplane
791,Bird
792,Airplane
793,Bird
794,Airplane
795,Airplane
796,Bird
797,Airplane
798,Airplane
799,Airplane
800,Bird
801,Airplane
802,Bird
803,Airplane
804,Airplane
805,Bird
806,Bird
807,Airplane
808,Bird
809,Airplane
810,Airplane
811,Bird
812,Bird
813,Bird
814,Bird
815,Bird
816,Bird
817,Airplane
818,Bird
819,Airplane
820,Airplane
821,Airplane
822,Bird
823,Airplane
824,Airplane
825,Airplane
826,Airplane
827,Airplane
828,Airplane
829,Airplane
830,Airplane
831,Bird
832,Bird
833,Bird
834,Bird
835,Bird
836,Bird
837,Airplane
838,Bird
839,Airplane
840,Bird
841,Bird
842,Bird
843,Airplane
844,Airplane
845,Airplane
846,Airplane
847,Airplane
848,Bird
849,Bird
850,Airplane
851,Airplane
852,Airplane
853,Airplane
854,Airplane
855,Airplane
856,Bird
857,Airplane
858,Bird
859,Airplane
860,Bird
861,Bird
862,Bird
863,Airplane
864,Bird
865,Airplane
866,Airplane
867,Bird
868,Bird
869,Airplane
870,Bird
871,Bird
872,Bird
873,Bird
874,Bird
875,Bird
876,Airplane
877,Airplane
878,Bird
879,Airplane
880,Bird
881,Airplane
882,Airplane
883,Airplane
884,Bird
885,Airplane
886,Bird
887,Bird
888,Bird
889,Bird
890,Airplane
891,Bird
892,Airplane
893,Bird
894,Bird
895,Airplane
896,Airplane
897,Airplane
898,Airplane
899,Airplane
900,Bird
901,Airplane
902,Airplane
903,Airplane
904,Bird
905,Bird
906,Bird
907,Airplane
908,Bird
909,Airplane
910,Bird
911,Bird
912,Airplane
913,Bird
914,Airplane
915,Airplane
916,Bird
917,Bird
918,Bird
919,Airplane
920,Bird
921,Bird
922,Bird
923,Bird
924,Airplane
925,Airplane
926,Airplane
927,Airplane
928,Bird
929,Bird
930,Airplane
931,Bird
932,Bird
933,Bird
934,Bird
935,Airplane
936,Airplane
937,Airplane
938,Airplane
939,Bird
940,Bird
941,Bird
942,Airplane
943,Airplane
944,Airplane
945,Airplane
946,Airplane
947,Bird
948,Airplane
949,Airplane
950,Airplane
951,Bird
952,Bird
953,Bird
954,Airplane
955,Bird
956,Airplane
957,Bird
958,Airplane
959,Bird
960,Bird
961,Airplane
962,Airplane
963,Bird
964,Airplane
965,Airplane
966,Bird
967,Airplane
968,Bird
969,Airplane
970,Bird
971,Airplane
972,Airplane
973,Bird
974,Bird
975,Airplane
976,Airplane
977,Bird
978,Airplane
979,Bird
980,Bird
981,Airplane
982,Bird
983,Bird
984,Bird
985,Bird
986,Bird
987,Airplane
988,Bird
989,Airplane
990,Airplane
991,Bird
992,Bird
993,Bird
994,Bird
995,Bird
996,Airplane
997,Airplane
998,Bird
999,Bird
1000,Airplane
1001,Bird
1002,Bird
1003,Airplane
1004,Airplane
1005,Airplane
1006,Airplane
1007,Bird
1008,Airplane
1009,Bird
1010,Bird
1011,Airplane
1012,Bird
1013,Airplane
1014,Airplane
1015,Bird
1016,Bird
1017,Bird
1018,Airplane
1019,Bird
1020,Airplane
1021,Airplane
1022,Airplane
1023,Airplane
1024,Bird
1025,Bird
1026,Airplane
1027,Airplane
1028,Airplane
1029,Airplane
1030,Bird
1031,Airplane
1032,Bird
1033,Airplane
1034,Bird
1035,Bird
1036,Airplane
1037,Airplane
1038,Airplane
1039,Airplane
1040,Airplane
1041,Bird
1042,Airplane
1043,Bird
1044,Bird
1045,Bird
1046,Bird
1047,Airplane
1048,Airplane
1049,Airplane
1050,Bird
1051,Airplane
1052,Bird
1053,Bird
1054,Airplane
1055,Airplane
1056,Bird
1057,Airplane
1058,Airplane
1059,Airplane
1060,Airplane
1061,Airplane
1062,Bird
1063,Airplane
1064,Airplane
1065,Bird
1066,Bird
1067,Bird
1068,Bird
1069,Airplane
1070,Airplane
1071,Bird
1072,Bird
1073,Bird
1074,Airplane
1075,Bird
1076,Airplane
1077,Bird
1078,Airplane
1079,Bird
1080,Airplane
1081,Bird
1082,Bird
1083,Airplane
1084,Bird
1085,Bird
1086,Bird
1087,Airplane
1088,Bird
1089,Airplane
1090,Airplane
1091,Airplane
1092,Airplane
1093,Airplane
1094,Bird
1095,Bird
1096,Bird
1097,Bird
1098,Airplane
1099,Airplane
1100,Airplane
1101,Airplane
1102,Bird
1103,Airplane
1104,Bird
1105,Bird
1106,Bird
1107,Bird
1108,Airplane
1109,Airplane
1110,Bird
1111,Airplane
1112,Bird
1113,Bird
1114,Airplane
1115,Airplane
1116,Bird
1117,Airplane
1118,Airplane
1119,Bird
1120,Airplane
1121,Airplane
1122,Airplane
1123,Airplane
1124,Bird
1125,Bird
1126,Airplane
1127,Airplane
1128,Airplane
1129,Airplane
1130,Airplane
1131,Airplane
1132,Bird
1133,Airplane
1134,Bird
1135,Airplane
1136,Bird
1137,Bird
1138,Airplane
1139,Airplane
1140,Bird
1141,Bird
1142,Bird
1143,Airplane
1144,Bird
1145,Airplane
1146,Bird
1147,Bird
1148,Bird
1149,Airplane
1150,Airplane
1151,Airplane
1152,Bird
1153,Bird
1154,Airplane
1155,Airplane
1156,Airplane
1157,Bird
1158,Bird
1159,Bird
1160,Bird
1161,Bird
1162,Airplane
1163,Bird
1164,Airplane
1165,Airplane
1166,Bird
1167,Airplane
1168,Airplane
1169,Airplane
1170,Bird
1171,Bird
1172,Airplane
1173,Bird
1174,Bird
1175,Bird
1176,Bird
1177,Airplane
1178,Airplane
1179,Bird
1180,Bird
1181,Bird
1182,Bird
1183,Airplane
1184,Airplane
1185,Bird
1186,Airplane
1187,Airplane
1188,Bird
1189,Airplane
1190,Airplane
1191,Bird
1192,Bird
1193,Bird
1194,Airplane
1195,Airplane
1196,Bird
1197,Airplane
1198,Airplane
1199,Bird
1200,Airplane
1201,Bird
1202,Airplane
1203,Airplane
1204,Airplane
1205,Bird
1206,Airplane
1207,Airplane
1208,Airplane
1209,Bird
1210,Bird
1211,Bird
1212,Airplane
1213,Airplane
1214,Airplane
1215,Airplane
1216,Airplane
1217,Airplane
1218,Bird
1219,Airplane
1220,Bird
1221,Airplane
1222,Airplane
1223,Bird
1224,Airplane
1225,Bird
1226,Airplane
1227,Bird
1228,Airplane
1229,Airplane
1230,Airplane
1231,Bird
1232,Airplane
1233,Bird
1234,Bird
1235,Airplane
1236,Bird
1237,Bird
1238,Bird
1239,Bird
1240,Airplane
1241,Airplane
1242,Bird
1243,Airplane
1244,Airplane
1245,Bird
1246,Airplane
1247,Bird
1248,Bird
1249,Airplane
1250,Bird
1251,Bird
1252,Airplane
1253,Airplane
1254,Airplane
1255,Bird
1256,Airplane
1257,Bird
1258,Bird
1259,Airplane
1260,Airplane
1261,Bird
1262,Airplane
1263,Bird
1264,Airplane
1265,Airplane
1266,Airplane
1267,Airplane
1268,Airplane
1269,Airplane
1270,Airplane
1271,Airplane
1272,Bird
1273,Bird
1274,Airplane
1275,Airplane
1276,Airplane
1277,Bird
1278,Bird
1279,Bird
1280,Bird
1281,Bird
1282,Bird
1283,Bird
1284,Airplane
1285,Airplane
1286,Bird
1287,Airplane
1288,Bird
1289,Airplane
1290,Airplane
1291,Bird
1292,Bird
1293,Bird
1294,Airplane
1295,Airplane
1296,Airplane
1297,Bird
1298,Airplane
1299,Bird
1300,Airplane
1301,Bird
1302,Bird
1303,Bird
1304,Airplane
1305,Bird
1306,Bird
1307,Airplane
1308,Bird
1309,Airplane
1310,Airplane
1311,Bird
1312,Airplane
1313,Bird
1314,Airplane
1315,Airplane
1316,Bird
1317,Bird
1318,Bird
1319,Bird
1320,Airplane
1321,Bird
1322,Airplane
1323,Bird
1324,Airplane
1325,Bird
1326,Airplane
1327,Bird
1328,Bird
1329,Airplane
1330,Bird
1331,Airplane
1332,Bird
1333,Bird
1334,Bird
1335,Bird
1336,Airplane
1337,Bird
1338,Bird
1339,Airplane
1340,Bird
1341,Bird
1342,Bird
1343,Bird
1344,Bird
1345,Airplane
1346,Airplane
1347,Airplane
1348,Airplane
1349,Bird
1350,Airplane
1351,Airplane
1352,Bird
1353,Bird
1354,Bird
1355,Airplane
1356,Bird
1357,Airplane
1358,Bird
1359,Bird
1360,Bird
1361,Bird
1362,Airplane
1363,Bird
1364,Airplane
1365,Airplane
1366,Bird
1367,Bird
1368,Bird
1369,Bird
1370,Bird
1371,Bird
1372,Bird
1373,Bird
1374,Bird
1375,Airplane
1376,Airplane
1377,Bird
1378,Airplane
1379,Bird
1380,Bird
1381,Bird
1382,Airplane
1383,Bird
1384,Bird
1385,Airplane
1386,Airplane
1387,Bird
1388,Airplane
1389,Airplane
1390,Airplane
1391,Airplane
1392,Bird
1393,Airplane
1394,Bird
1395,Bird
1396,Airplane
1397,Airplane
1398,Bird
1399,Airplane
1400,Airplane
1401,Airplane
1402,Airplane
1403,Airplane
1404,Airplane
1405,Airplane
1406,Airplane
1407,Airplane
1408,Bird
1409,Airplane
1410,Airplane
1411,Airplane
1412,Bird
1413,Airplane
1414,Bird
1415,Airplane
1416,Bird
1417,Airplane
1418,Airplane
1419,Bird
1420,Airplane
1421,Airplane
1422,Bird
1423,Airplane
1424,Airplane
1425,Airplane
1426,Airplane
1427,Airplane
1428,Bird
1429,Bird
1430,Airplane
1431,Airplane
1432,Airplane
1433,Airplane
1434,Airplane
1435,Bird
1436,Airplane
1437,Airplane
1438,Airplane
1439,Airplane
1440,Airplane
1441,Bird
1442,Bird
1443,Airplane
1444,Airplane
1445,Airplane
1446,Airplane
1447,Bird
1448,Bird
1449,Bird
1450,Airplane
1451,Airplane
1452,Airplane
1453,Bird
1454,Airplane
1455,Airplane
1456,Bird
1457,Bird
1458,Airplane
1459,Bird
1460,Bird
1461,Airplane
1462,Bird
1463,Bird
1464,Bird
1465,Airplane
1466,Bird
1467,Airplane
1468,Airplane
1469,Airplane
1470,Bird
1471,Airplane
1472,Airplane
1473,Airplane
1474,Airplane
1475,Bird
1476,Bird
1477,Airplane
1478,Airplane
1479,Airplane
1480,Bird
1481,Airplane
1482,Airplane
1483,Bird
1484,Airplane
1485,Airplane
1486,Bird
1487,Bird
1488,Bird
1489,Airplane
1490,Airplane
1491,Bird
1492,Airplane
1493,Bird
1494,Bird
1495,Bird
1496,Bird
1497,Bird
1498,Airplane
1499,Bird
1500,Bird
1501,Bird
1502,Airplane
1503,Airplane
1504,Airplane
1505,Bird
1506,Bird
1507,Bird
1508,Bird
1509,Bird
1510,Bird
1511,Airplane
1512,Bird
1513,Airplane
1514,Bird
1515,Airplane
1516,Bird
1517,Airplane
1518,Bird
1519,Airplane
1520,Bird
1521,Airplane
1522,Bird
1523,Bird
1524,Airplane
1525,Airplane
1526,Bird
1527,Bird
1528,Airplane
1529,Bird
1530,Bird
1531,Airplane
1532,Bird
1533,Airplane
1534,Bird
1535,Airplane
1536,Bird
1537,Airplane
1538,Airplane
1539,Airplane
1540,Airplane
1541,Airplane
1542,Airplane
1543,Airplane
1544,Airplane
1545,Bird
1546,Bird
1547,Bird
1548,Bird
1549,Airplane
1550,Airplane
1551,Airplane
1552,Airplane
1553,Airplane
1554,Airplane
1555,Bird
1556,Airplane
1557,Bird
1558,Bird
1559,Bird
1560,Airplane
1561,Airplane
1562,Bird
1563,Bird
1564,Airplane
1565,Airplane
1566,Bird
1567,Airplane
1568,Bird
1569,Airplane
1570,Airplane
1571,Bird
1572,Airplane
1573,Airplane
1574,Airplane
1575,Airplane
1576,Airplane
1577,Bird
1578,Bird
1579,Airplane
1580,Bird
1581,Airplane
1582,Bird
1583,Bird
1584,Airplane
1585,Airplane
1586,Airplane
1587,Bird
1588,Airplane
1589,Bird
1590,Bird
1591,Airplane
1592,Airplane
1593,Airplane
1594,Airplane
1595,Bird
1596,Airplane
1597,Bird
1598,Airplane
1599,Bird
1600,Airplane
1601,Airplane
1602,Bird
1603,Bird
1604,Airplane
1605,Airplane
1606,Airplane
1607,Airplane
1608,Airplane
1609,Bird
1610,Airplane
1611,Airplane
1612,Airplane
1613,Bird
1614,Airplane
1615,Airplane
1616,Bird
1617,Airplane
1618,Bird
1619,Bird
1620,Airplane
1621,Bird
1622,Airplane
1623,Bird
1624,Airplane
1625,Airplane
1626,Bird
1627,Bird
1628,Airplane
1629,Bird
1630,Bird
1631,Bird
1632,Bird
1633,Airplane
1634,Airplane
1635,Airplane
1636,Airplane
1637,Airplane
1638,Bird
1639,Airplane
1640,Bird
1641,Airplane
1642,Airplane
1643,Bird
1644,Bird
1645,Airplane
1646,Bird
1647,Airplane
1648,Bird
1649,Bird
1650,Airplane
1651,Airplane
1652,Bird
1653,Airplane
1654,Bird
1655,Airplane
1656,Bird
1657,Airplane
1658,Airplane
1659,Bird
1660,Airplane
1661,Airplane
1662,Airplane
1663,Bird
1664,Airplane
1665,Bird
1666,Airplane
1667,Bird
1668,Bird
1669,Bird
1670,Bird
1671,Bird
1672,Bird
1673,Airplane
1674,Airplane
1675,Airplane
1676,Airplane
1677,Airplane
1678,Bird
1679,Airplane
1680,Airplane
1681,Bird
1682,Bird
1683,Airplane
1684,Airplane
1685,Airplane
1686,Airplane
1687,Airplane
1688,Bird
1689,Bird
1690,Bird
1691,Airplane
1692,Airplane
1693,Bird
1694,Bird
1695,Airplane
1696,Bird
1697,Bird
1698,Airplane
1699,Bird
1700,Airplane
1701,Airplane
1702,Bird
1703,Bird
1704,Airplane
1705,Airplane
1706,Bird
1707,Bird
1708,Airplane
1709,Airplane
1710,Airplane
1711,Bird
1712,Airplane
1713,Bird
1714,Airplane
1715,Airplane
1716,Bird
1717,Airplane
1718,Bird
1719,Airplane
1720,Bird
1721,Airplane
1722,Bird
1723,Bird
1724,Bird
1725,Bird
1726,Bird
1727,Bird
1728,Airplane
1729,Bird
1730,Airplane
1731,Airplane
1732,Airplane
1733,Bird
1734,Airplane
1735,Bird
1736,Airplane
1737,Bird
1738,Airplane
1739,Bird
1740,Airplane
1741,Airplane
1742,Airplane
1743,Airplane
1744,Airplane
1745,Bird
1746,Airplane
1747,Bird
1748,Airplane
1749,Airplane
1750,Airplane
1751,Bird
1752,Airplane
1753,Bird
1754,Bird
1755,Airplane
1756,Bird
1757,Airplane
1758,Airplane
1759,Airplane
1760,Airplane
1761,Bird
1762,Airplane
1763,Bird
1764,Airplane
1765,Bird
1766,Bird
1767,Airplane
1768,Airplane
1769,Bird
1770,Bird
1771,Bird
1772,Airplane
1773,Bird
1774,Airplane
1775,Bird
1776,Bird
1777,Airplane
1778,Bird
1779,Airplane
1780,Bird
1781,Bird
1782,Airplane
1783,Bird
1784,Bird
1785,Airplane
1786,Bird
1787,Bird
1788,Bird
1789,Bird
1790,Bird
1791,Airplane
1792,Bird
1793,Airplane
1794,Bird
1795,Airplane
1796,Bird
1797,Bird
1798,Airplane
1799,Airplane
1800,Bird
1801,Bird
1802,Airplane
1803,Airplane
1804,Bird
1805,Airplane
1806,Airplane
1807,Bird
1808,Bird
1809,Bird
1810,Airplane
1811,Airplane
1812,Bird
1813,Airplane
1814,Airplane
1815,Airplane
1816,Bird
1817,Airplane
1818,Airplane
1819,Airplane
1820,Airplane
1821,Bird
1822,Bird
1823,Airplane
1824,Airplane
1825,Airplane
1826,Bird
1827,Bird
1828,Bird
1829,Bird
1830,Bird
1831,Airplane
1832,Airplane
1833,Bird
1834,Bird
1835,Airplane
1836,Bird
1837,Bird
1838,Airplane
1839,Airplane
1840,Airplane
1841,Airplane
1842,Airplane
1843,Bird
1844,Bird
1845,Airplane
1846,Airplane
1847,Bird
1848,Airplane
1849,Bird
1850,Bird
1851,Bird
1852,Airplane
1853,Bird
1854,Bird
1855,Bird
1856,Airplane
1857,Bird
1858,Bird
1859,Airplane
1860,Bird
1861,Bird
1862,Airplane
1863,Airplane
1864,Airplane
1865,Bird
1866,Bird
1867,Airplane
1868,Bird
1869,Airplane
1870,Bird
1871,Bird
1872,Airplane
1873,Bird
1874,Bird
1875,Airplane
1876,Bird
1877,Airplane
1878,Bird
1879,Airplane
1880,Airplane
1881,Airplane
1882,Bird
1883,Bird
1884,Airplane
1885,Airplane
1886,Airplane
1887,Bird
1888,Bird
1889,Airplane
1890,Bird
1891,Bird
1892,Airplane
1893,Airplane
1894,Bird
1895,Airplane
1896,Bird
1897,Airplane
1898,Airplane
1899,Airplane
1900,Bird
1901,Bird
1902,Bird
1903,Bird
1904,Airplane
1905,Bird
1906,Airplane
1907,Bird
1908,Bird
1909,Airplane
1910,Bird
1911,Bird
1912,Bird
1913,Airplane
1914,Airplane
1915,Airplane
1916,Bird
1917,Bird
1918,Bird
1919,Bird
1920,Airplane
1921,Bird
1922,Airplane
1923,Airplane
1924,Bird
1925,Bird
1926,Airplane
1927,Airplane
1928,Airplane
1929,Bird
1930,Bird
1931,Airplane
1932,Airplane
1933,Bird
1934,Bird
1935,Airplane
1936,Bird
1937,Airplane
1938,Bird
1939,Airplane
1940,Bird
1941,Bird
1942,Bird
1943,Bird
1944,Bird
1945,Bird
1946,Bird
1947,Airplane
1948,Bird
1949,Airplane
1950,Bird
1951,Bird
1952,Bird
1953,Airplane
1954,Bird
1955,Airplane
1956,Airplane
1957,Bird
1958,Bird
1959,Bird
1960,Bird
1961,Airplane
1962,Bird
1963,Airplane
1964,Airplane
1965,Airplane
1966,Bird
1967,Bird
1968,Bird
1969,Bird
1970,Airplane
1971,Airplane
1972,Bird
1973,Bird
1974,Airplane
1975,Bird
1976,Bird
1977,Airplane
1978,Airplane
1979,Bird
1980,Airplane
1981,Airplane
1982,Bird
1983,Airplane
1984,Airplane
1985,Bird
1986,Airplane
1987,Bird
1988,Airplane
1989,Airplane
1990,Airplane
1991,Airplane
1992,Airplane
1993,Bird
1994,Bird
1995,Bird
1996,Airplane
1997,Bird
1998,Airplane
1999,Airplane
2000,Bird
2001,Airplane
2002,Airplane
2003,Airplane
2004,Bird
2005,Bird
2006,Airplane
2007,Airplane
2008,Airplane
2009,Airplane
2010,Airplane
2011,Bird
2012,Airplane
2013,Airplane
2014,Airplane
2015,Airplane
2016,Bird
2017,Bird
2018,Bird
2019,Airplane
2020,Airplane
2021,Bird
2022,Bird
2023,Airplane
2024,Bird
2025,Airplane
2026,Airplane
2027,Bird
2028,Airplane
2029,Bird
2030,Bird
2031,Airplane
2032,Airplane
2033,Airplane
2034,Airplane
2035,Bird
2036,Airplane
2037,Bird
2038,Airplane
2039,Airplane
2040,Airplane
2041,Bird
2042,Bird
2043,Airplane
2044,Bird
2045,Bird
2046,Airplane
2047,Bird
2048,Bird
2049,Bird
2050,Bird
2051,Airplane
2052,Airplane
2053,Bird
2054,Bird
2055,Airplane
2056,Airplane
2057,Airplane
2058,Airplane
2059,Bird
2060,Airplane
2061,Airplane
2062,Airplane
2063,Airplane
2064,Airplane
2065,Bird
2066,Airplane
2067,Airplane
2068,Bird
2069,Airplane
2070,Bird
2071,Airplane
2072,Bird
2073,Bird
2074,Bird
2075,Airplane
2076,Bird
2077,Bird
2078,Airplane
2079,Airplane
2080,Airplane
2081,Airplane
2082,Airplane
2083,Bird
2084,Bird
2085,Bird
2086,Bird
2087,Bird
2088,Bird
2089,Airplane
2090,Bird
2091,Bird
2092,Bird
2093,Airplane
2094,Bird
2095,Bird
2096,Bird
2097,Bird
2098,Bird
2099,Bird
2100,Airplane
2101,Airplane
2102,Bird
2103,Airplane
2104,Bird
2105,Airplane
2106,Bird
2107,Airplane
2108,Airplane
2109,Airplane
2110,Bird
2111,Bird
2112,Airplane
2113,Bird
2114,Bird
2115,Bird
2116,Bird
2117,Airplane
2118,Bird
2119,Airplane
2120,Airplane
2121,Airplane
2122,Airplane
2123,Airplane
2124,Airplane
2125,Bird
2126,Bird
2127,Airplane
2128,Airplane
2129,Airplane
2130,Bird
2131,Bird
2132,Bird
2133,Bird
2134,Bird
2135,Airplane
2136,Bird
2137,Bird
2138,Airplane
2139,Airplane
2140,Bird
2141,Bird
2142,Airplane
2143,Bird
2144,Airplane
2145,Bird
2146,Bird
2147,Airplane
2148,Airplane
2149,Airplane
2150,Airplane
2151,Bird
2152,Bird
2153,Airplane
2154,Bird
2155,Bird
2156,Bird
2157,Airplane
2158,Bird
2159,Bird
2160,Bird
2161,Airplane
2162,Bird
2163,Airplane
2164,Bird
2165,Airplane
2166,Bird
2167,Airplane
2168,Airplane
2169,Bird
2170,Bird
2171,Airplane
2172,Bird
2173,Bird
2174,Airplane
2175,Airplane
2176,Bird
2177,Airplane
2178,Airplane
2179,Bird
2180,Airplane
2181,Airplane
2182,Bird
2183,Airplane
2184,Airplane
2185,Airplane
2186,Bird
2187,Bird
2188,Airplane
2189,Bird
2190,Bird
2191,Airplane
2192,Bird
2193,Bird
2194,Bird
2195,Airplane
2196,Bird
2197,Bird
2198,Bird
2199,Airplane
2200,Airplane
2201,Airplane
2202,Airplane
2203,Bird
2204,Airplane
2205,Airplane
2206,Bird
2207,Bird
2208,Bird
2209,Bird
2210,Airplane
2211,Bird
2212,Airplane
2213,Airplane
2214,Bird
2215,Airplane
2216,Bird
2217,Bird
2218,Airplane
2219,Bird
2220,Bird
2221,Airplane
2222,Airplane
2223,Airplane
2224,Airplane
2225,Airplane
2226,Airplane
2227,Bird
2228,Airplane
2229,Airplane
2230,Bird
2231,Bird
2232,Bird
2233,Bird
2234,Airplane
2235,Airplane
2236,Airplane
2237,Airplane
2238,Airplane
2239,Airplane
2240,Bird
2241,Bird
2242,Bird
2243,Bird
2244,Bird
2245,Airplane
2246,Bird
2247,Bird
2248,Bird
2249,Bird
2250,Bird
2251,Airplane
2252,Airplane
2253,Airplane
2254,Bird
2255,Bird
2256,Airplane
2257,Bird
2258,Bird
2259,Airplane
2260,Airplane
2261,Bird
2262,Airplane
2263,Airplane
2264,Airplane
2265,Bird
2266,Airplane
2267,Airplane
2268,Airplane
2269,Bird
2270,Airplane
2271,Airplane
2272,Bird
2273,Airplane
2274,Bird
2275,Bird
2276,Bird
2277,Airplane
2278,Airplane
2279,Bird
2280,Airplane
2281,Airplane
2282,Bird
2283,Airplane
2284,Bird
2285,Airplane
2286,Bird
2287,Bird
2288,Bird
2289,Airplane
2290,Airplane
2291,Bird
2292,Airplane
2293,Airplane
2294,Airplane
2295,Bird
2296,Airplane
2297,Airplane
2298,Bird
2299,Bird
2300,Bird
2301,Bird
2302,Bird
2303,Airplane
2304,Airplane
2305,Bird
2306,Bird
2307,Airplane
2308,Airplane
2309,Bird
2310,Bird
2311,Bird
2312,Airplane
2313,Bird
2314,Bird
2315,Bird
2316,Bird
2317,Airplane
2318,Airplane
2319,Airplane
2320,Bird
2321,Airplane
2322,Airplane
2323,Bird
2324,Bird
2325,Airplane
2326,Airplane
2327,Bird
2328,Airplane
2329,Airplane
2330,Airplane
2331,Airplane
2332,Bird
2333,Airplane
2334,Bird
2335,Airplane
2336,Airplane
2337,Bird
2338,Airplane
2339,Airplane
2340,Airplane
2341,Bird
2342,Airplane
2343,Airplane
2344,Airplane
2345,Airplane
2346,Bird
2347,Airplane
2348,Airplane
2349,Bird
2350,Airplane
2351,Bird
2352,Bird
2353,Bird
2354,Bird
2355,Bird
2356,Bird
2357,Bird
2358,Airplane
2359,Airplane
2360,Airplane
2361,Airplane
2362,Bird
2363,Bird
2364,Bird
2365,Bird
2366,Airplane
2367,Airplane
2368,Airplane
2369,Bird
2370,Airplane
2371,Bird
2372,Bird
2373,Bird
2374,Airplane
2375,Airplane
2376,Bird
2377,Airplane
2378,Airplane
2379,Airplane
2380,Bird
2381,Airplane
2382,Airplane
2383,Airplane
2384,Bird
2385,Bird
2386,Airplane
2387,Airplane
2388,Airplane
2389,Airplane
2390,Airplane
2391,Bird
2392,Bird
2393,Airplane
2394,Bird
2395,Bird
2396,Airplane
2397,Airplane
2398,Bird
2399,Bird
2400,Bird
2401,Bird
2402,Airplane
2403,Bird
2404,Airplane
2405,Airplane
2406,Bird
2407,Airplane
2408,Bird
2409,Airplane
2410,Airplane
2411,Bird
2412,Bird
2413,Bird
2414,Airplane
2415,Bird
2416,Airplane
2417,Bird
2418,Bird
2419,Airplane
2420,Airplane
2421,Airplane
2422,Bird
2423,Airplane
2424,Airplane
2425,Bird
2426,Airplane
2427,Bird
2428,Airplane
2429,Bird
2430,Airplane
2431,Airplane
2432,Airplane
2433,Airplane
2434,Bird
2435,Bird
2436,Airplane
2437,Airplane
2438,Bird
2439,Airplane
2440,Airplane
2441,Bird
2442,Airplane
2443,Airplane
2444,Bird
2445,Airplane
2446,Bird
2447,Bird
2448,Airplane
2449,Bird
2450,Airplane
2451,Airplane
2452,Airplane
2453,Airplane
2454,Airplane
2455,Airplane
2456,Bird
2457,Bird
2458,Bird
2459,Airplane
2460,Airplane
2461,Bird
2462,Airplane
2463,Bird
2464,Bird
2465,Airplane
2466,Airplane
2467,Airplane
2468,Airplane
2469,Bird
2470,Airplane
2471,Airplane
2472,Airplane
2473,Bird
2474,Airplane
2475,Bird
2476,Airplane
2477,Bird
2478,Airplane
2479,Airplane
2480,Airplane
2481,Airplane
2482,Airplane
2483,Airplane
2484,Bird
2485,Bird
2486,Airplane
2487,Bird
2488,Bird
2489,Bird
2490,Airplane
2491,Airplane
2492,Airplane
2493,Bird
2494,Bird
2495,Airplane
2496,Bird
2497,Airplane
2498,Bird
2499,Airplane
2500,Bird
2501,Airplane
2502,Airplane
2503,Airplane
2504,Bird
2505,Airplane
2506,Airplane
2507,Airplane
2508,Bird
2509,Airplane
2510,Airplane
2511,Bird
2512,Bird
2513,Bird
2514,Airplane
2515,Airplane
2516,Airplane
2517,Airplane
2518,Airplane
2519,Airplane
2520,Airplane
2521,Airplane
2522,Airplane
2523,Airplane
2524,Airplane
2525,Bird
2526,Airplane
2527,Bird
2528,Airplane
2529,Airplane
2530,Bird
2531,Airplane
2532,Airplane
2533,Bird
2534,Airplane
2535,Bird
2536,Airplane
2537,Airplane
2538,Airplane
2539,Bird
2540,Airplane
2541,Airplane
2542,Bird
2543,Airplane
2544,Bird
2545,Airplane
2546,Airplane
2547,Airplane
2548,Bird
2549,Airplane
2550,Bird
2551,Airplane
2552,Bird
2553,Bird
2554,Bird
2555,Bird
2556,Bird
2557,Airplane
2558,Airplane
2559,Airplane
2560,Bird
2561,Bird
2562,Bird
2563,Airplane
2564,Bird
2565,Airplane
2566,Airplane
2567,Bird
2568,Bird
2569,Bird
2570,Bird
2571,Airplane
2572,Airplane
2573,Bird
2574,Bird
2575,Bird
2576,Airplane
2577,Bird
2578,Bird
2579,Airplane
2580,Airplane
2581,Bird
2582,Bird
2583,Bird
2584,Airplane
2585,Bird
2586,Airplane
2587,Bird
2588,Airplane
2589,Airplane
2590,Airplane
2591,Airplane
2592,Airplane
2593,Bird
2594,Airplane
2595,Bird
2596,Bird
2597,Airplane
2598,Airplane
2599,Airplane
2600,Bird
2601,Airplane
2602,Airplane
2603,Bird
2604,Airplane
2605,Airplane
2606,Airplane
2607,Airplane
2608,Bird
2609,Bird
2610,Bird
2611,Airplane
2612,Airplane
2613,Bird
2614,Airplane
2615,Bird
2616,Airplane
2617,Bird
2618,Airplane
2619,Airplane
2620,Bird
2621,Bird
2622,Airplane
2623,Airplane
2624,Bird
2625,Airplane
2626,Bird
2627,Bird
2628,Airplane
2629,Bird
2630,Bird
2631,Bird
2632,Bird
2633,Airplane
2634,Bird
2635,Bird
2636,Airplane
2637,Airplane
2638,Bird
2639,Airplane
2640,Bird
2641,Airplane
2642,Airplane
2643,Bird
2644,Airplane
2645,Airplane
2646,Bird
2647,Bird
2648,Bird
2649,Airplane
2650,Airplane
2651,Airplane
2652,Airplane
2653,Bird
2654,Bird
2655,Bird
2656,Airplane
2657,Airplane
2658,Bird
2659,Bird
2660,Airplane
2661,Airplane
2662,Bird
2663,Bird
2664,Airplane
2665,Airplane
2666,Airplane
2667,Bird
2668,Bird
2669,Airplane
2670,Airplane
2671,Bird
2672,Bird
2673,Bird
2674,Airplane
2675,Bird
2676,Bird
2677,Bird
2678,Bird
2679,Airplane
2680,Airplane
2681,Airplane
2682,Bird
2683,Airplane
2684,Bird
2685,Airplane
2686,Airplane
2687,Airplane
2688,Bird
2689,Airplane
2690,Airplane
2691,Airplane
2692,Bird
2693,Airplane
2694,Airplane
2695,Airplane
2696,Airplane
2697,Bird
2698,Bird
2699,Bird
2700,Bird
2701,Airplane
2702,Bird
2703,Bird
2704,Bird
2705,Airplane
2706,Airplane
2707,Bird
2708,Bird
2709,Airplane
2710,Bird
2711,Bird
2712,Bird
2713,Bird
2714,Bird
2715,Bird
2716,Bird
2717,Airplane
2718,Airplane
2719,Bird
2720,Bird
2721,Bird
2722,Bird
2723,Bird
2724,Bird
2725,Bird
2726,Bird
2727,Bird
2728,Airplane
2729,Bird
2730,Bird
2731,Airplane
2732,Airplane
2733,Airplane
2734,Bird
2735,Bird
2736,Bird
2737,Bird
2738,Bird
2739,Bird
2740,Bird
2741,Airplane
2742,Airplane
2743,Bird
2744,Airplane
2745,Bird
2746,Bird
2747,Bird
2748,Airplane
2749,Bird
2750,Bird
2751,Bird
2752,Airplane
2753,Bird
2754,Airplane
2755,Airplane
2756,Airplane
2757,Airplane
2758,Airplane
2759,Bird
2760,Bird
2761,Bird
2762,Bird
2763,Airplane
2764,Airplane
2765,Bird
2766,Airplane
2767,Bird
2768,Airplane
2769,Airplane
2770,Bird
2771,Bird
2772,Airplane
2773,Airplane
2774,Airplane
2775,Bird
2776,Airplane
2777,Bird
2778,Bird
2779,Airplane
2780,Bird
2781,Bird
2782,Bird
2783,Bird
2784,Airplane
2785,Airplane
2786,Bird
2787,Bird
2788,Airplane
2789,Bird
2790,Bird
2791,Airplane
2792,Airplane
2793,Airplane
2794,Bird
2795,Airplane
2796,Bird
2797,Bird
2798,Airplane
2799,Airplane
2800,Airplane
2801,Bird
2802,Bird
2803,Bird
2804,Airplane
2805,Airplane
2806,Airplane
2807,Airplane
2808,Bird
2809,Airplane
2810,Airplane
2811,Bird
2812,Bird
2813,Bird
2814,Bird
2815,Airplane
2816,Bird
2817,Bird
2818,Airplane
2819,Bird
2820,Bird
2821,Airplane
2822,Airplane
2823,Airplane
2824,Bird
2825,Airplane
2826,Airplane
2827,Bird
2828,Airplane
2829,Bird
2830,Bird
2831,Airplane
2832,Airplane
2833,Bird
2834,Airplane
2835,Airplane
2836,Airplane
2837,Airplane
2838,Airplane
2839,Bird
2840,Airplane
2841,Bird
2842,Airplane
2843,Bird
2844,Bird
2845,Bird
2846,Bird
2847,Airplane
2848,Bird
2849,Airplane
2850,Airplane
2851,Bird
2852,Airplane
2853,Bird
2854,Airplane
2855,Bird
2856,Bird
2857,Airplane
2858,Bird
2859,Airplane
2860,Airplane
2861,Bird
2862,Airplane
2863,Bird
2864,Bird
2865,Bird
2866,Bird
2867,Airplane
2868,Airplane
2869,Airplane
2870,Bird
2871,Airplane
2872,Bird
2873,Airplane
2874,Airplane
2875,Bird
2876,Bird
2877,Airplane
2878,Bird
2879,Bird
2880,Bird
2881,Bird
2882,Airplane
2883,Bird
2884,Bird
2885,Airplane
2886,Bird
2887,Bird
2888,Airplane
2889,Airplane
2890,Airplane
2891,Bird
2892,Bird
2893,Airplane
2894,Bird
2895,Bird
2896,Bird
2897,Airplane
2898,Bird
2899,Airplane
2900,Bird
2901,Airplane
2902,Airplane
2903,Airplane
2904,Airplane
2905,Airplane
2906,Bird
2907,Bird
2908,Bird
2909,Bird
2910,Bird
2911,Bird
2912,Airplane
2913,Airplane
2914,Bird
2915,Bird
2916,Airplane
2917,Airplane
2918,Bird
2919,Bird
2920,Bird
2921,Airplane
2922,Airplane
2923,Airplane
2924,Airplane
2925,Bird
2926,Airplane
2927,Airplane
2928,Bird
2929,Airplane
2930,Airplane
2931,Airplane
2932,Airplane
2933,Bird
2934,Bird
2935,Bird
2936,Bird
2937,Airplane
2938,Airplane
2939,Airplane
2940,Bird
2941,Bird
2942,Airplane
2943,Airplane
2944,Airplane
2945,Bird
2946,Bird
2947,Airplane
2948,Airplane
2949,Airplane
2950,Bird
2951,Airplane
2952,Bird
2953,Airplane
2954,Bird
2955,Bird
2956,Airplane
2957,Bird
2958,Bird
2959,Bird
2960,Airplane
2961,Bird
2962,Bird
2963,Airplane
2964,Bird
2965,Airplane
2966,Airplane
2967,Bird
2968,Airplane
2969,Airplane
2970,Bird
2971,Airplane
2972,Bird
2973,Airplane
2974,Bird
2975,Bird
2976,Bird
2977,Airplane
2978,Airplane
2979,Bird
2980,Bird
2981,Airplane
2982,Airplane
2983,Bird
2984,Airplane
2985,Bird
2986,Airplane
2987,Bird
2988,Bird
2989,Airplane
2990,Bird
2991,Bird
2992,Bird
2993,Bird
2994,Bird
2995,Bird
2996,Bird
2997,Bird
2998,Airplane
2999,Bird
3000,Bird
3001,Airplane
3002,Bird
3003,Bird
3004,Airplane
3005,Bird
3006,Bird
3007,Bird
3008,Bird
3009,Bird
3010,Bird
3011,Airplane
3012,Bird
3013,Bird
3014,Airplane
3015,Bird
3016,Airplane
3017,Bird
3018,Bird
3019,Airplane
3020,Bird
3021,Airplane
3022,Bird
3023,Bird
3024,Airplane
3025,Bird
3026,Airplane
3027,Bird
3028,Bird
3029,Airplane
3030,Airplane
3031,Airplane
3032,Airplane
3033,Airplane
3034,Airplane
3035,Bird
3036,Bird
3037,Airplane
3038,Airplane
3039,Bird
3040,Bird
3041,Bird
3042,Airplane
3043,Airplane
3044,Airplane
3045,Bird
3046,Bird
3047,Bird
3048,Bird
3049,Bird
3050,Airplane
3051,Airplane
3052,Airplane
3053,Bird
3054,Airplane
3055,Bird
3056,Bird
3057,Bird
3058,Bird
3059,Bird
3060,Airplane
3061,Bird
3062,Airplane
3063,Bird
3064,Airplane
3065,Airplane
3066,Airplane
3067,Airplane
3068,Airplane
3069,Bird
3070,Airplane
3071,Airplane
3072,Airplane
3073,Bird
3074,Bird
3075,Airplane
3076,Bird
3077,Bird
3078,Airplane
3079,Bird
3080,Bird
3081,Bird
3082,Airplane
3083,Bird
3084,Bird
3085,Bird
3086,Bird
3087,Bird
3088,Airplane
3089,Bird
3090,Bird
3091,Airplane
3092,Airplane
3093,Airplane
3094,Bird
3095,Bird
3096,Airplane
3097,Bird
3098,Airplane
3099,Bird
3100,Airplane
3101,Airplane
3102,Airplane
3103,Bird
3104,Bird
3105,Bird
3106,Bird
3107,Airplane
3108,Airplane
3109,Airplane
3110,Airplane
3111,Airplane
3112,Airplane
3113,Bird
3114,Bird
3115,Bird
3116,Airplane
3117,Bird
3118,Bird
3119,Bird
3120,Airplane
3121,Bird
3122,Bird
3123,Airplane
3124,Bird
3125,Bird
3126,Bird
3127,Bird
3128,Airplane
3129,Bird
3130,Bird
3131,Bird
3132,Airplane
3133,Bird
3134,Bird
3135,Bird
3136,Bird
3137,Airplane
3138,Airplane
3139,Bird
3140,Airplane
3141,Bird
3142,Airplane
3143,Bird
3144,Bird
3145,Bird
3146,Airplane
3147,Bird
3148,Bird
3149,Bird
3150,Bird
3151,Airplane
3152,Bird
3153,Airplane
3154,Bird
3155,Airplane
3156,Bird
3157,Bird
3158,Airplane
3159,Bird
3160,Bird
3161,Airplane
3162,Bird
3163,Airplane
3164,Bird
3165,Bird
3166,Airplane
3167,Airplane
3168,Airplane
3169,Airplane
3170,Bird
3171,Bird
3172,Airplane
3173,Bird
3174,Airplane
3175,Airplane
3176,Airplane
3177,Airplane
3178,Bird
3179,Bird
3180,Airplane
3181,Bird
3182,Airplane
3183,Airplane
3184,Bird
3185,Airplane
3186,Airplane
3187,Bird
3188,Bird
3189,Airplane
3190,Bird
3191,Airplane
3192,Airplane
3193,Bird
3194,Bird
3195,Bird
3196,Airplane
3197,Bird
3198,Bird
3199,Airplane
3200,Airplane
3201,Bird
3202,Airplane
3203,Airplane
3204,Bird
3205,Bird
3206,Airplane
3207,Bird
3208,Airplane
3209,Airplane
3210,Bird
3211,Airplane
3212,Bird
3213,Bird
3214,Bird
3215,Bird
3216,Airplane
3217,Bird
3218,Airplane
3219,Airplane
3220,Bird
3221,Bird
3222,Bird
3223,Airplane
3224,Airplane
3225,Bird
3226,Airplane
3227,Bird
3228,Airplane
3229,Bird
3230,Airplane
3231,Airplane
3232,Airplane
3233,Bird
3234,Bird
3235,Airplane
3236,Bird
3237,Bird
3238,Airplane
3239,Airplane
3240,Bird
3241,Airplane
3242,Airplane
3243,Airplane
3244,Airplane
3245,Airplane
3246,Bird
3247,Airplane
3248,Bird
3249,Bird
3250,Airplane
3251,Airplane
3252,Airplane
3253,Airplane
3254,Airplane
3255,Airplane
3256,Airplane
3257,Airplane
3258,Bird
3259,Airplane
3260,Bird
3261,Airplane
3262,Bird
3263,Bird
3264,Airplane
3265,Airplane
3266,Bird
3267,Bird
3268,Bird
3269,Airplane
3270,Airplane
3271,Bird
3272,Airplane
3273,Bird
3274,Airplane
3275,Airplane
3276,Bird
3277,Bird
3278,Airplane
3279,Bird
3280,Bird
3281,Bird
3282,Bird
3283,Bird
3284,Bird
3285,Airplane
3286,Airplane
3287,Airplane
3288,Airplane
3289,Airplane
3290,Airplane
3291,Bird
3292,Airplane
3293,Airplane
3294,Airplane
3295,Airplane
3296,Bird
3297,Airplane
3298,Bird
3299,Airplane
3300,Bird
3301,Bird
3302,Bird
3303,Airplane
3304,Bird
3305,Bird
3306,Bird
3307,Airplane
3308,Airplane
3309,Bird
3310,Airplane
3311,Airplane
3312,Bird
3313,Bird
3314,Airplane
3315,Airplane
3316,Airplane
3317,Bird
3318,Airplane
3319,Bird
3320,Airplane
3321,Bird
3322,Bird
3323,Airplane
3324,Airplane
3325,Airplane
3326,Airplane
3327,Airplane
3328,Airplane
3329,Bird
3330,Bird
3331,Airplane
3332,Bird
3333,Airplane
3334,Bird
3335,Bird
3336,Airplane
3337,Bird
3338,Bird
3339,Airplane
3340,Airplane
3341,Bird
3342,Bird
3343,Airplane
3344,Bird
3345,Bird
3346,Bird
3347,Bird
3348,Airplane
3349,Airplane
3350,Bird
3351,Bird
3352,Bird
3353,Bird
3354,Bird
3355,Airplane
3356,Bird
3357,Airplane
3358,Bird
3359,Bird
3360,Airplane
3361,Bird
3362,Bird
3363,Airplane
3364,Bird
3365,Airplane
3366,Airplane
3367,Airplane
3368,Airplane
3369,Bird
3370,Bird
3371,Bird
3372,Airplane
3373,Airplane
3374,Airplane
3375,Bird
3376,Bird
3377,Bird
3378,Bird
3379,Airplane
3380,Bird
3381,Airplane
3382,Bird
3383,Bird
3384,Airplane
3385,Airplane
3386,Airplane
3387,Airplane
3388,Airplane
3389,Bird
3390,Airplane
3391,Airplane
3392,Airplane
3393,Airplane
3394,Airplane
3395,Airplane
3396,Bird
3397,Airplane
3398,Airplane
3399,Bird
3400,Bird
3401,Bird
3402,Airplane
3403,Bird
3404,Bird
3405,Airplane
3406,Airplane
3407,Bird
3408,Airplane
3409,Airplane
3410,Airplane
3411,Airplane
3412,Airplane
3413,Bird
3414,Airplane
3415,Airplane
3416,Airplane
3417,Airplane
3418,Bird
3419,Bird
3420,Bird
3421,Airplane
3422,Airplane
3423,Airplane
3424,Airplane
3425,Bird
3426,Airplane
3427,Airplane
3428,Bird
3429,Airplane
3430,Airplane
3431,Airplane
3432,Bird
3433,Bird
3434,Airplane
3435,Airplane
3436,Bird
3437,Bird
3438,Bird
3439,Bird
3440,Bird
3441,Bird
3442,Bird
3443,Airplane
3444,Bird
3445,Airplane
3446,Bird
3447,Airplane
3448,Bird
3449,Airplane
3450,Airplane
3451,Bird
3452,Bird
3453,Airplane
3454,Airplane
3455,Bird
3456,Bird
3457,Airplane
3458,Airplane
3459,Bird
3460,Airplane
3461,Airplane
3462,Airplane
3463,Bird
3464,Bird
3465,Bird
3466,Airplane
3467,Airplane
3468,Airplane
3469,Bird
3470,Airplane
3471,Bird
3472,Airplane
3473,Bird
3474,Airplane
3475,Bird
3476,Airplane
3477,Airplane
3478,Bird
3479,Airplane
3480,Bird
3481,Bird
3482,Bird
3483,Airplane
3484,Airplane
3485,Airplane
3486,Airplane
3487,Bird
3488,Airplane
3489,Airplane
3490,Airplane
3491,Airplane
3492,Airplane
3493,Airplane
3494,Bird
3495,Airplane
3496,Bird
3497,Airplane
3498,Bird
3499,Bird
3500,Bird
3501,Airplane
3502,Bird
3503,Bird
3504,Airplane
3505,Airplane
3506,Airplane
3507,Airplane
3508,Airplane
3509,Airplane
3510,Bird
3511,Bird
3512,Airplane
3513,Airplane
3514,Airplane
3515,Airplane
3516,Airplane
3517,Bird
3518,Bird
3519,Airplane
3520,Bird
3521,Bird
3522,Airplane
3523,Airplane
3524,Bird
3525,Airplane
3526,Airplane
3527,Airplane
3528,Bird
3529,Airplane
3530,Airplane
3531,Bird
3532,Airplane
3533,Bird
3534,Bird
3535,Airplane
3536,Bird
3537,Bird
3538,Bird
3539,Bird
3540,Bird
3541,Airplane
3542,Bird
3543,Airplane
3544,Airplane
3545,Airplane
3546,Airplane
3547,Airplane
3548,Bird
3549,Bird
3550,Bird
3551,Bird
3552,Airplane
3553,Bird
3554,Airplane
3555,Airplane
3556,Bird
3557,Airplane
3558,Bird
3559,Bird
3560,Bird
3561,Airplane
3562,Airplane
3563,Airplane
3564,Bird
3565,Airplane
3566,Airplane
3567,Bird
3568,Airplane
3569,Bird
3570,Airplane
3571,Bird
3572,Airplane
3573,Airplane
3574,Airplane
3575,Bird
3576,Bird
3577,Bird
3578,Bird
3579,Bird
3580,Bird
3581,Airplane
3582,Airplane
3583,Airplane
3584,Bird
3585,Bird
3586,Bird
3587,Airplane
3588,Bird
3589,Bird
3590,Bird
3591,Airplane
3592,Airplane
3593,Airplane
3594,Bird
3595,Airplane
3596,Airplane
3597,Airplane
3598,Airplane
3599,Bird
3600,Airplane
3601,Airplane
3602,Bird
3603,Bird
3604,Bird
3605,Bird
3606,Airplane
3607,Airplane
3608,Bird
3609,Bird
3610,Bird
3611,Airplane
3612,Airplane
3613,Bird
3614,Airplane
3615,Bird
3616,Bird
3617,Airplane
3618,Bird
3619,Bird
3620,Airplane
3621,Bird
3622,Airplane
3623,Airplane
3624,Bird
3625,Airplane
3626,Airplane
3627,Airplane
3628,Bird
3629,Airplane
3630,Airplane
3631,Airplane
3632,Airplane
3633,Airplane
3634,Bird
3635,Bird
3636,Bird
3637,Airplane
3638,Airplane
3639,Bird
3640,Bird
3641,Airplane
3642,Bird
3643,Airplane
3644,Bird
3645,Airplane
3646,Bird
3647,Airplane
3648,Bird
3649,Bird
3650,Airplane
3651,Airplane
3652,Bird
3653,Bird
3654,Airplane
3655,Bird
3656,Bird
3657,Bird
3658,Airplane
3659,Airplane
3660,Airplane
3661,Airplane
3662,Airplane
3663,Bird
3664,Bird
3665,Bird
3666,Airplane
3667,Bird
3668,Bird
3669,Bird
3670,Bird
3671,Bird
3672,Airplane
3673,Airplane
3674,Bird
3675,Bird
3676,Airplane
3677,Airplane
3678,Airplane
3679,Bird
3680,Airplane
3681,Bird
3682,Bird
3683,Bird
3684,Bird
3685,Airplane
3686,Airplane
3687,Bird
3688,Bird
3689,Bird
3690,Bird
3691,Bird
3692,Bird
3693,Airplane
3694,Airplane
3695,Bird
3696,Airplane
3697,Airplane
3698,Airplane
3699,Bird
3700,Bird
3701,Bird
3702,Bird
3703,Bird
3704,Airplane
3705,Bird
3706,Airplane
3707,Bird
3708,Airplane
3709,Airplane
3710,Airplane
3711,Airplane
3712,Airplane
3713,Bird
3714,Airplane
3715,Bird
3716,Bird
3717,Airplane
3718,Bird
3719,Airplane
3720,Airplane
3721,Bird
3722,Bird
3723,Airplane
3724,Airplane
3725,Airplane
3726,Airplane
3727,Bird
3728,Airplane
3729,Bird
3730,Airplane
3731,Airplane
3732,Airplane
3733,Airplane
3734,Bird
3735,Airplane
3736,Bird
3737,Bird
3738,Airplane
3739,Bird
3740,Bird
3741,Airplane
3742,Bird
3743,Airplane
3744,Airplane
3745,Airplane
3746,Bird
3747,Airplane
3748,Bird
3749,Bird
3750,Airplane
3751,Airplane
3752,Airplane
3753,Airplane
3754,Airplane
3755,Airplane
3756,Bird
3757,Airplane
3758,Bird
3759,Bird
3760,Airplane
3761,Airplane
3762,Bird
3763,Airplane
3764,Airplane
3765,Bird
3766,Bird
3767,Bird
3768,Airplane
3769,Bird
3770,Airplane
3771,Airplane
3772,Airplane
3773,Airplane
3774,Airplane
3775,Airplane
3776,Airplane
3777,Bird
3778,Airplane
3779,Airplane
3780,Bird
3781,Airplane
3782,Bird
3783,Bird
3784,Bird
3785,Bird
3786,Airplane
3787,Airplane
3788,Airplane
3789,Airplane
3790,Bird
3791,Airplane
3792,Bird
3793,Bird
3794,Airplane
3795,Airplane
3796,Airplane
3797,Airplane
3798,Bird
3799,Bird
3800,Bird
3801,Airplane
3802,Airplane
3803,Airplane
3804,Bird
3805,Airplane
3806,Bird
3807,Airplane
3808,Bird
3809,Bird
3810,Bird
3811,Airplane
3812,Airplane
3813,Airplane
3814,Bird
3815,Airplane
3816,Bird
3817,Bird
3818,Bird
3819,Airplane
3820,Bird
3821,Bird
3822,Airplane
3823,Airplane
3824,Bird
3825,Airplane
3826,Airplane
3827,Bird
3828,Bird
3829,Bird
3830,Bird
3831,Airplane
3832,Bird
3833,Airplane
3834,Airplane
3835,Bird
3836,Bird
3837,Bird
3838,Airplane
3839,Bird
3840,Airplane
3841,Airplane
3842,Bird
3843,Airplane
3844,Airplane
3845,Bird
3846,Bird
3847,Bird
3848,Airplane
3849,Airplane
3850,Airplane
3851,Airplane
3852,Bird
3853,Bird
3854,Bird
3855,Airplane
3856,Airplane
3857,Bird
3858,Airplane
3859,Bird
3860,Bird
3861,Airplane
3862,Bird
3863,Bird
3864,Bird
3865,Bird
3866,Bird
3867,Airplane
3868,Bird
3869,Bird
3870,Airplane
3871,Bird
3872,Airplane
3873,Airplane
3874,Airplane
3875,Bird
3876,Bird
3877,Bird
3878,Bird
3879,Airplane
3880,Airplane
3881,Airplane
3882,Airplane
3883,Airplane
3884,Bird
3885,Bird
3886,Airplane
3887,Bird
3888,Airplane
3889,Bird
3890,Airplane
3891,Airplane
3892,Airplane
3893,Bird
3894,Airplane
3895,Airplane
3896,Bird
3897,Bird
3898,Airplane
3899,Airplane
3900,Airplane
3901,Airplane
3902,Airplane
3903,Bird
3904,Bird
3905,Airplane
3906,Airplane
3907,Airplane
3908,Airplane
3909,Airplane
3910,Airplane
3911,Bird
3912,Airplane
3913,Airplane
3914,Bird
3915,Bird
3916,Bird
3917,Bird
3918,Bird
3919,Bird
3920,Airplane
3921,Bird
3922,Bird
3923,Airplane
3924,Airplane
3925,Bird
3926,Bird
3927,Airplane
3928,Bird
3929,Bird
3930,Airplane
3931,Airplane
3932,Bird
3933,Airplane
3934,Bird
3935,Bird
3936,Bird
3937,Bird
3938,Airplane
3939,Bird
3940,Airplane
3941,Airplane
3942,Airplane
3943,Bird
3944,Airplane
3945,Airplane
3946,Airplane
3947,Bird
3948,Bird
3949,Airplane
3950,Bird
3951,Bird
3952,Bird
3953,Bird
3954,Airplane
3955,Bird
3956,Airplane
3957,Bird
3958,Bird
3959,Airplane
3960,Bird
3961,Bird
3962,Bird
3963,Airplane
3964,Bird
3965,Airplane
3966,Bird
3967,Bird
3968,Bird
3969,Bird
3970,Airplane
3971,Airplane
3972,Airplane
3973,Bird
3974,Airplane
3975,Airplane
3976,Bird
3977,Bird
3978,Airplane
3979,Airplane
3980,Bird
3981,Bird
3982,Bird
3983,Bird
3984,Airplane
3985,Airplane
3986,Airplane
3987,Bird
3988,Airplane
3989,Bird
3990,Bird
3991,Airplane
3992,Bird
3993,Airplane
3994,Bird
3995,Bird
3996,Bird
3997,Bird
3998,Airplane
3999,Airplane
4000,Bird
4001,Airplane
4002,Airplane
4003,Airplane
4004,Bird
4005,Bird
4006,Bird
4007,Bird
4008,Bird
4009,Airplane
4010,Bird
4011,Bird
4012,Airplane
4013,Bird
4014,Airplane
4015,Airplane
4016,Airplane
4017,Airplane
4018,Airplane
4019,Bird
4020,Bird
4021,Airplane
4022,Bird
4023,Bird
4024,Bird
4025,Bird
4026,Bird
4027,Bird
4028,Bird
4029,Bird
4030,Bird
4031,Bird
4032,Bird
4033,Bird
4034,Bird
4035,Bird
4036,Airplane
4037,Airplane
4038,Bird
4039,Airplane
4040,Bird
4041,Airplane
4042,Airplane
4043,Bird
4044,Airplane
4045,Airplane
4046,Airplane
4047,Bird
4048,Bird
4049,Bird
4050,Bird
4051,Airplane
4052,Airplane
4053,Bird
4054,Airplane
4055,Airplane
4056,Bird
4057,Bird
4058,Airplane
4059,Airplane
4060,Airplane
4061,Airplane
4062,Bird
4063,Airplane
4064,Airplane
4065,Bird
4066,Bird
4067,Bird
4068,Airplane
4069,Airplane
4070,Airplane
4071,Bird
4072,Airplane
4073,Bird
4074,Bird
4075,Bird
4076,Bird
4077,Bird
4078,Airplane
4079,Airplane
4080,Airplane
4081,Bird
4082,Bird
4083,Airplane
4084,Airplane
4085,Airplane
4086,Bird
4087,Bird
4088,Bird
4089,Bird
4090,Bird
4091,Bird
4092,Airplane
4093,Bird
4094,Airplane
4095,Bird
4096,Airplane
4097,Bird
4098,Airplane
4099,Airplane
4100,Airplane
4101,Airplane
4102,Bird
4103,Bird
4104,Airplane
4105,Bird
4106,Bird
4107,Airplane
4108,Airplane
4109,Bird
4110,Airplane
4111,Bird
4112,Bird
4113,Airplane
4114,Airplane
4115,Airplane
4116,Bird
4117,Bird
4118,Airplane
4119,Bird
4120,Airplane
4121,Bird
4122,Airplane
4123,Airplane
4124,Airplane
4125,Airplane
4126,Bird
4127,Airplane
4128,Bird
4129,Bird
4130,Airplane
4131,Airplane
4132,Airplane
4133,Airplane
4134,Airplane
4135,Airplane
4136,Airplane
4137,Bird
4138,Bird
4139,Airplane
4140,Bird
4141,Bird
4142,Bird
4143,Bird
4144,Bird
4145,Airplane
4146,Airplane
4147,Airplane
4148,Bird
4149,Bird
4150,Bird
4151,Airplane
4152,Bird
4153,Bird
4154,Bird
4155,Bird
4156,Bird
4157,Airplane
4158,Airplane
4159,Airplane
4160,Airplane
4161,Bird
4162,Airplane
4163,Airplane
4164,Bird
4165,Bird
4166,Airplane
4167,Airplane
4168,Bird
4169,Airplane
4170,Airplane
4171,Airplane
4172,Bird
4173,Airplane
4174,Bird
4175,Airplane
4176,Airplane
4177,Bird
4178,Bird
4179,Bird
4180,Bird
4181,Airplane
4182,Bird
4183,Airplane
4184,Bird
4185,Airplane
4186,Bird
4187,Bird
4188,Bird
4189,Airplane
4190,Airplane
4191,Airplane
4192,Airplane
4193,Airplane
4194,Airplane
4195,Bird
4196,Airplane
4197,Airplane
4198,Airplane
4199,Bird
4200,Bird
4201,Bird
4202,Bird
4203,Airplane
4204,Airplane
4205,Airplane
4206,Airplane
4207,Airplane
4208,Airplane
4209,Airplane
4210,Airplane
4211,Airplane
4212,Airplane
4213,Airplane
4214,Airplane
4215,Bird
4216,Airplane
4217,Bird
4218,Airplane
4219,Bird
4220,Airplane
4221,Airplane
4222,Airplane
4223,Bird
4224,Bird
4225,Bird
4226,Airplane
4227,Airplane
4228,Bird
4229,Airplane
4230,Airplane
4231,Bird
4232,Bird
4233,Bird
4234,Bird
4235,Airplane
4236,Bird
4237,Bird
4238,Airplane
4239,Airplane
4240,Airplane
4241,Bird
4242,Bird
4243,Bird
4244,Bird
4245,Bird
4246,Airplane
4247,Airplane
4248,Airplane
4249,Bird
4250,Airplane
4251,Airplane
4252,Bird
4253,Bird
4254,Bird
4255,Airplane
4256,Bird
4257,Bird
4258,Bird
4259,Bird
4260,Airplane
4261,Bird
4262,Bird
4263,Airplane
4264,Airplane
4265,Bird
4266,Airplane
4267,Bird
4268,Airplane
4269,Bird
4270,Airplane
4271,Bird
4272,Airplane
4273,Bird
4274,Bird
4275,Bird
4276,Airplane
4277,Airplane
4278,Airplane
4279,Bird
4280,Bird
4281,Airplane
4282,Airplane
4283,Airplane
4284,Airplane
4285,Airplane
4286,Airplane
4287,Bird
4288,Bird
4289,Airplane
4290,Bird
4291,Bird
4292,Bird
4293,Airplane
4294,Bird
4295,Bird
4296,Bird
4297,Airplane
4298,Airplane
4299,Airplane
4300,Bird
4301,Airplane
4302,Bird
4303,Airplane
4304,Bird
4305,Bird
4306,Airplane
4307,Airplane
4308,Airplane
4309,Bird
4310,Bird
4311,Airplane
4312,Airplane
4313,Bird
4314,Bird
4315,Bird
4316,Bird
4317,Bird
4318,Airplane
4319,Airplane
4320,Airplane
4321,Bird
4322,Bird
4323,Bird
4324,Airplane
4325,Airplane
4326,Bird
4327,Airplane
4328,Airplane
4329,Bird
4330,Airplane
4331,Airplane
4332,Airplane
4333,Airplane
4334,Airplane
4335,Airplane
4336,Airplane
4337,Bird
4338,Airplane
4339,Airplane
4340,Airplane
4341,Airplane
4342,Airplane
4343,Airplane
4344,Airplane
4345,Bird
4346,Airplane
4347,Bird
4348,Bird
4349,Airplane
4350,Airplane
4351,Airplane
4352,Bird
4353,Airplane
4354,Bird
4355,Bird
4356,Airplane
4357,Airplane
4358,Bird
4359,Airplane
4360,Airplane
4361,Bird
4362,Airplane
4363,Airplane
4364,Bird
4365,Bird
4366,Airplane
4367,Airplane
4368,Bird
4369,Airplane
4370,Bird
4371,Airplane
4372,Airplane
4373,Bird
4374,Bird
4375,Airplane
4376,Bird
4377,Bird
4378,Airplane
4379,Airplane
4380,Bird
4381,Bird
4382,Airplane
4383,Airplane
4384,Airplane
4385,Airplane
4386,Bird
4387,Bird
4388,Airplane
4389,Bird
4390,Airplane
4391,Bird
4392,Airplane
4393,Bird
4394,Airplane
4395,Airplane
4396,Airplane
4397,Bird
4398,Bird
4399,Airplane
4400,Bird
4401,Airplane
4402,Airplane
4403,Airplane
4404,Airplane
4405,Bird
4406,Bird
4407,Bird
4408,Bird
4409,Bird
4410,Airplane
4411,Bird
4412,Airplane
4413,Bird
4414,Airplane
4415,Airplane
4416,Airplane
4417,Airplane
4418,Bird
4419,Bird
4420,Airplane
4421,Airplane
4422,Bird
4423,Airplane
4424,Bird
4425,Bird
4426,Bird
4427,Airplane
4428,Bird
4429,Bird
4430,Airplane
4431,Bird
4432,Bird
4433,Bird
4434,Airplane
4435,Airplane
4436,Bird
4437,Airplane
4438,Airplane
4439,Bird
4440,Bird
4441,Bird
4442,Airplane
4443,Bird
4444,Bird
4445,Airplane
4446,Bird
4447,Bird
4448,Bird
4449,Bird
4450,Airplane
4451,Airplane
4452,Bird
4453,Airplane
4454,Airplane
4455,Bird
4456,Airplane
4457,Bird
4458,Airplane
4459,Airplane
4460,Bird
4461,Airplane
4462,Airplane
4463,Bird
4464,Bird
4465,Bird
4466,Bird
4467,Airplane
4468,Airplane
4469,Bird
4470,Bird
4471,Bird
4472,Airplane
4473,Bird
4474,Bird
4475,Airplane
4476,Airplane
4477,Airplane
4478,Bird
4479,Bird
4480,Bird
4481,Airplane
4482,Airplane
4483,Bird
4484,Airplane
4485,Airplane
4486,Bird
4487,Bird
4488,Airplane
4489,Airplane
4490,Airplane
4491,Airplane
4492,Airplane
4493,Bird
4494,Airplane
4495,Airplane
4496,Airplane
4497,Bird
4498,Airplane
4499,Bird
4500,Airplane
4501,Bird
4502,Bird
4503,Bird
4504,Bird
4505,Bird
4506,Bird
4507,Airplane
4508,Airplane
4509,Airplane
4510,Airplane
4511,Airplane
4512,Bird
4513,Bird
4514,Airplane
4515,Bird
4516,Bird
4517,Bird
4518,Airplane
4519,Bird
4520,Airplane
4521,Airplane
4522,Bird
4523,Airplane
4524,Airplane
4525,Bird
4526,Airplane
4527,Bird
4528,Bird
4529,Bird
4530,Bird
4531,Bird
4532,Airplane
4533,Airplane
4534,Bird
4535,Bird
4536,Airplane
4537,Bird
4538,Airplane
4539,Bird
4540,Bird
4541,Airplane
4542,Bird
4543,Bird
4544,Bird
4545,Bird
4546,Airplane
4547,Airplane
4548,Airplane
4549,Airplane
4550,Bird
4551,Bird
4552,Bird
4553,Airplane
4554,Bird
4555,Bird
4556,Bird
4557,Airplane
4558,Airplane
4559,Bird
4560,Bird
4561,Airplane
4562,Airplane
4563,Bird
4564,Airplane
4565,Airplane
4566,Bird
4567,Airplane
4568,Airplane
4569,Airplane
4570,Bird
4571,Bird
4572,Bird
4573,Bird
4574,Airplane
4575,Bird
4576,Bird
4577,Bird
4578,Bird
4579,Airplane
4580,Bird
4581,Bird
4582,Airplane
4583,Airplane
4584,Airplane
4585,Bird
4586,Airplane
4587,Airplane
4588,Airplane
4589,Bird
4590,Bird
4591,Bird
4592,Airplane
4593,Airplane
4594,Bird
4595,Bird
4596,Airplane
4597,Bird
4598,Airplane
4599,Airplane
4600,Bird
4601,Airplane
4602,Bird
4603,Bird
4604,Bird
4605,Airplane
4606,Airplane
4607,Bird
4608,Airplane
4609,Bird
4610,Airplane
4611,Bird
4612,Airplane
4613,Bird
4614,Airplane
4615,Airplane
4616,Bird
4617,Bird
4618,Bird
4619,Bird
4620,Airplane
4621,Airplane
4622,Bird
4623,Airplane
4624,Airplane
4625,Airplane
4626,Airplane
4627,Airplane
4628,Bird
4629,Bird
4630,Bird
4631,Airplane
4632,Airplane
4633,Airplane
4634,Bird
4635,Airplane
4636,Bird
4637,Airplane
4638,Bird
4639,Bird
4640,Airplane
4641,Airplane
4642,Bird
4643,Bird
4644,Bird
4645,Airplane
4646,Bird
4647,Airplane
4648,Airplane
4649,Airplane
4650,Bird
4651,Airplane
4652,Airplane
4653,Bird
4654,Airplane
4655,Airplane
4656,Airplane
4657,Airplane
4658,Airplane
4659,Airplane
4660,Bird
4661,Airplane
4662,Bird
4663,Bird
4664,Bird
4665,Airplane
4666,Bird
4667,Airplane
4668,Airplane
4669,Bird
4670,Bird
4671,Bird
4672,Airplane
4673,Airplane
4674,Bird
4675,Bird
4676,Bird
4677,Bird
4678,Airplane
4679,Airplane
4680,Airplane
4681,Bird
4682,Airplane
4683,Bird
4684,Bird
4685,Airplane
4686,Bird
4687,Airplane
4688,Bird
4689,Bird
4690,Airplane
4691,Airplane
4692,Airplane
4693,Bird
4694,Airplane
4695,Bird
4696,Airplane
4697,Airplane
4698,Bird
4699,Airplane
4700,Bird
4701,Airplane
4702,Bird
4703,Airplane
4704,Bird
4705,Airplane
4706,Airplane
4707,Bird
4708,Airplane
4709,Airplane
4710,Airplane
4711,Airplane
4712,Bird
4713,Bird
4714,Bird
4715,Bird
4716,Bird
4717,Bird
4718,Airplane
4719,Bird
4720,Airplane
4721,Airplane
4722,Bird
4723,Bird
4724,Bird
4725,Airplane
4726,Bird
4727,Bird
4728,Airplane
4729,Airplane
4730,Bird
4731,Airplane
4732,Airplane
4733,Bird
4734,Airplane
4735,Airplane
4736,Bird
4737,Airplane
4738,Airplane
4739,Bird
4740,Bird
4741,Airplane
4742,Bird
4743,Bird
4744,Airplane
4745,Bird
4746,Airplane
4747,Bird
4748,Airplane
4749,Airplane
4750,Bird
4751,Bird
4752,Bird
4753,Bird
4754,Airplane
4755,Bird
4756,Bird
4757,Bird
4758,Airplane
4759,Bird
4760,Bird
4761,Airplane
4762,Airplane
4763,Bird
4764,Airplane
4765,Airplane
4766,Airplane
4767,Airplane
4768,Airplane
4769,Bird
4770,Bird
4771,Airplane
4772,Airplane
4773,Airplane
4774,Airplane
4775,Airplane
4776,Bird
4777,Airplane
4778,Airplane
4779,Bird
4780,Bird
4781,Airplane
4782,Airplane
4783,Bird
4784,Bird
4785,Bird
4786,Bird
4787,Airplane
4788,Bird
4789,Bird
4790,Airplane
4791,Bird
4792,Bird
4793,Airplane
4794,Airplane
4795,Airplane
4796,Bird
4797,Airplane
4798,Bird
4799,Airplane
4800,Airplane
4801,Bird
4802,Bird
4803,Airplane
4804,Airplane
4805,Bird
4806,Airplane
4807,Bird
4808,Bird
4809,Bird
4810,Bird
4811,Bird
4812,Airplane
4813,Airplane
4814,Bird
4815,Bird
4816,Airplane
4817,Airplane
4818,Airplane
4819,Bird
4820,Airplane
4821,Airplane
4822,Airplane
4823,Airplane
4824,Bird
4825,Airplane
4826,Bird
4827,Bird
4828,Bird
4829,Airplane
4830,Airplane
4831,Airplane
4832,Bird
4833,Bird
4834,Airplane
4835,Bird
4836,Airplane
4837,Bird
4838,Bird
4839,Airplane
4840,Airplane
4841,Airplane
4842,Bird
4843,Bird
4844,Airplane
4845,Airplane
4846,Airplane
4847,Bird
4848,Airplane
4849,Airplane
4850,Bird
4851,Airplane
4852,Airplane
4853,Bird
4854,Airplane
4855,Airplane
4856,Airplane
4857,Bird
4858,Bird
4859,Bird
4860,Bird
4861,Bird
4862,Bird
4863,Airplane
4864,Airplane
4865,Airplane
4866,Bird
4867,Airplane
4868,Bird
4869,Bird
4870,Airplane
4871,Bird
4872,Airplane
4873,Bird
4874,Bird
4875,Bird
4876,Airplane
4877,Bird
4878,Bird
4879,Airplane
4880,Bird
4881,Bird
4882,Bird
4883,Bird
4884,Airplane
4885,Airplane
4886,Bird
4887,Airplane
4888,Airplane
4889,Airplane
4890,Airplane
4891,Bird
4892,Airplane
4893,Airplane
4894,Airplane
4895,Airplane
4896,Bird
4897,Bird
4898,Bird
4899,Bird
4900,Airplane
4901,Airplane
4902,Bird
4903,Bird
4904,Bird
4905,Airplane
4906,Bird
4907,Bird
4908,Bird
4909,Bird
4910,Bird
4911,Airplane
4912,Bird
4913,Airplane
4914,Bird
4915,Bird
4916,Bird
4917,Airplane
4918,Airplane
4919,Bird
4920,Airplane
4921,Airplane
4922,Bird
4923,Airplane
4924,Bird
4925,Airplane
4926,Bird
4927,Bird
4928,Airplane
4929,Airplane
4930,Airplane
4931,Bird
4932,Bird
4933,Airplane
4934,Bird
4935,Airplane
4936,Bird
4937,Airplane
4938,Bird
4939,Bird
4940,Bird
4941,Bird
4942,Airplane
4943,Bird
4944,Airplane
4945,Bird
4946,Bird
4947,Airplane
4948,Bird
4949,Bird
4950,Airplane
4951,Bird
4952,Airplane
4953,Airplane
4954,Airplane
4955,Airplane
4956,Airplane
4957,Airplane
4958,Airplane
4959,Airplane
4960,Airplane
4961,Bird
4962,Bird
4963,Airplane
4964,Bird
4965,Bird
4966,Bird
4967,Bird
4968,Bird
4969,Bird
4970,Airplane
4971,Bird
4972,Airplane
4973,Bird
4974,Airplane
4975,Bird
4976,Bird
4977,Airplane
4978,Airplane
4979,Airplane
4980,Airplane
4981,Airplane
4982,Bird
4983,Bird
4984,Airplane
4985,Bird
4986,Airplane
4987,Bird
4988,Airplane
4989,Airplane
4990,Airplane
4991,Airplane
4992,Airplane
4993,Bird
4994,Airplane
4995,Bird
4996,Bird
4997,Bird
4998,Airplane
4999,Airplane
5000,Airplane
5001,Bird
5002,Airplane
5003,Bird
5004,Airplane
5005,Airplane
5006,Airplane
5007,Airplane
5008,Bird
5009,Bird
5010,Bird
5011,Airplane
5012,Airplane
5013,Airplane
5014,Airplane
5015,Airplane
5016,Bird
5017,Bird
5018,Bird
5019,Airplane
5020,Bird
5021,Bird
5022,Airplane
5023,Airplane
5024,Bird
5025,Bird
5026,Bird
5027,Airplane
5028,Bird
5029,Bird
5030,Bird
5031,Airplane
5032,Airplane
5033,Airplane
5034,Bird
5035,Bird
5036,Bird
5037,Airplane
5038,Airplane
5039,Bird
5040,Bird
5041,Airplane
5042,Bird
5043,Airplane
5044,Airplane
5045,Bird
5046,Bird
5047,Bird
5048,Bird
5049,Bird
5050,Bird
5051,Airplane
5052,Airplane
5053,Airplane
5054,Airplane
5055,Bird
5056,Bird
5057,Bird
5058,Airplane
5059,Airplane
5060,Airplane
5061,Bird
5062,Bird
5063,Airplane
5064,Bird
5065,Airplane
5066,Airplane
5067,Bird
5068,Airplane
5069,Airplane
5070,Airplane
5071,Airplane
5072,Airplane
5073,Bird
5074,Bird
5075,Airplane
5076,Airplane
5077,Airplane
5078,Bird
5079,Airplane
5080,Airplane
5081,Airplane
5082,Bird
5083,Bird
5084,Airplane
5085,Airplane
5086,Airplane
5087,Bird
5088,Airplane
5089,Airplane
5090,Bird
5091,Airplane
5092,Bird
5093,Bird
5094,Bird
5095,Bird
5096,Airplane
5097,Bird
5098,Bird
5099,Bird
5100,Bird
5101,Bird
5102,Bird
5103,Airplane
5104,Bird
5105,Bird
5106,Bird
5107,Airplane
5108,Airplane
5109,Airplane
5110,Bird
5111,Airplane
5112,Bird
5113,Airplane
5114,Bird
5115,Airplane
5116,Bird
5117,Airplane
5118,Airplane
5119,Bird
5120,Airplane
5121,Bird
5122,Bird
5123,Bird
5124,Airplane
5125,Bird
5126,Airplane
5127,Bird
5128,Bird
5129,Airplane
5130,Bird
5131,Bird
5132,Airplane
5133,Airplane
5134,Bird
5135,Airplane
5136,Airplane
5137,Airplane
5138,Airplane
5139,Airplane
5140,Bird
5141,Bird
5142,Airplane
5143,Bird
5144,Bird
5145,Airplane
5146,Bird
5147,Bird
5148,Airplane
5149,Airplane
5150,Bird
5151,Airplane
5152,Bird
5153,Airplane
5154,Bird
5155,Bird
5156,Airplane
5157,Bird
5158,Bird
5159,Bird
5160,Bird
5161,Airplane
5162,Bird
5163,Bird
5164,Bird
5165,Bird
5166,Airplane
5167,Airplane
5168,Airplane
5169,Bird
5170,Bird
5171,Airplane
5172,Bird
5173,Airplane
5174,Airplane
5175,Airplane
5176,Bird
5177,Airplane
5178,Bird
5179,Airplane
5180,Airplane
5181,Bird
5182,Bird
5183,Airplane
5184,Airplane
5185,Bird
5186,Airplane
5187,Bird
5188,Airplane
5189,Bird
5190,Bird
5191,Bird
5192,Airplane
5193,Bird
5194,Airplane
5195,Airplane
5196,Airplane
5197,Bird
5198,Bird
5199,Bird
5200,Bird
5201,Airplane
5202,Airplane
5203,Bird
5204,Airplane
5205,Airplane
5206,Airplane
5207,Bird
5208,Airplane
5209,Bird
5210,Airplane
5211,Airplane
5212,Airplane
5213,Airplane
5214,Airplane
5215,Airplane
5216,Bird
5217,Bird
5218,Bird
5219,Bird
5220,Airplane
5221,Bird
5222,Bird
5223,Bird
5224,Airplane
5225,Bird
5226,Bird
5227,Airplane
5228,Bird
5229,Airplane
5230,Bird
5231,Bird
5232,Airplane
5233,Bird
5234,Bird
5235,Bird
5236,Bird
5237,Bird
5238,Bird
5239,Airplane
5240,Bird
5241,Bird
5242,Bird
5243,Airplane
5244,Bird
5245,Bird
5246,Airplane
5247,Bird
5248,Bird
5249,Airplane
5250,Bird
5251,Airplane
5252,Airplane
5253,Bird
5254,Bird
5255,Bird
5256,Bird
5257,Bird
5258,Airplane
5259,Bird
5260,Bird
5261,Airplane
5262,Bird
5263,Airplane
5264,Airplane
5265,Airplane
5266,Airplane
5267,Bird
5268,Airplane
5269,Airplane
5270,Airplane
5271,Bird
5272,Airplane
5273,Airplane
5274,Bird
5275,Airplane
5276,Bird
5277,Airplane
5278,Airplane
5279,Airplane
5280,Airplane
5281,Airplane
5282,Bird
5283,Bird
5284,Airplane
5285,Bird
5286,Airplane
5287,Bird
5288,Bird
5289,Bird
5290,Bird
5291,Airplane
5292,Airplane
5293,Airplane
5294,Airplane
5295,Airplane
5296,Airplane
5297,Bird
5298,Bird
5299,Bird
5300,Bird
5301,Airplane
5302,Airplane
5303,Bird
5304,Airplane
5305,Airplane
5306,Airplane
5307,Bird
5308,Bird
5309,Airplane
5310,Bird
5311,Airplane
5312,Airplane
5313,Bird
5314,Bird
5315,Airplane
5316,Bird
5317,Airplane
5318,Bird
5319,Airplane
5320,Bird
5321,Bird
5322,Airplane
5323,Airplane
5324,Bird
5325,Bird
5326,Airplane
5327,Bird
5328,Airplane
5329,Bird
5330,Airplane
5331,Bird
5332,Bird
5333,Airplane
5334,Airplane
5335,Airplane
5336,Bird
5337,Airplane
5338,Bird
5339,Airplane
5340,Airplane
5341,Bird
5342,Airplane
5343,Airplane
5344,Bird
5345,Airplane
5346,Bird
5347,Airplane
5348,Bird
5349,Bird
5350,Bird
5351,Bird
5352,Bird
5353,Airplane
5354,Bird
5355,Airplane
5356,Airplane
5357,Bird
5358,Bird
5359,Airplane
5360,Airplane
5361,Bird
5362,Airplane
5363,Airplane
5364,Bird
5365,Bird
5366,Bird
5367,Airplane
5368,Bird
5369,Airplane
5370,Airplane
5371,Airplane
5372,Bird
5373,Airplane
5374,Bird
5375,Airplane
5376,Airplane
5377,Airplane
5378,Bird
5379,Bird
5380,Bird
5381,Bird
5382,Airplane
5383,Bird
5384,Airplane
5385,Airplane
5386,Bird
5387,Bird
5388,Bird
5389,Airplane
5390,Bird
5391,Bird
5392,Airplane
5393,Bird
5394,Airplane
5395,Airplane
5396,Bird
5397,Airplane
5398,Airplane
5399,Airplane
5400,Airplane
5401,Bird
5402,Airplane
5403,Bird
5404,Airplane
5405,Airplane
5406,Bird
5407,Bird
5408,Bird
5409,Airplane
5410,Bird
5411,Bird
5412,Airplane
5413,Bird
5414,Airplane
5415,Airplane
5416,Airplane
5417,Airplane
5418,Bird
5419,Bird
5420,Airplane
5421,Airplane
5422,Airplane
5423,Bird
5424,Bird
5425,Airplane
5426,Bird
5427,Airplane
5428,Bird
5429,Airplane
5430,Bird
5431,Airplane
5432,Airplane
5433,Bird
5434,Airplane
5435,Bird
5436,Airplane
5437,Airplane
5438,Airplane
5439,Bird
5440,Airplane
5441,Bird
5442,Airplane
5443,Airplane
5444,Airplane
5445,Airplane
5446,Airplane
5447,Airplane
5448,Bird
5449,Bird
5450,Airplane
5451,Airplane
5452,Airplane
5453,Airplane
5454,Airplane
5455,Airplane
5456,Airplane
5457,Bird
5458,Bird
5459,Bird
5460,Bird
5461,Airplane
5462,Airplane
5463,Airplane
5464,Airplane
5465,Airplane
5466,Airplane
5467,Airplane
5468,Bird
5469,Airplane
5470,Airplane
5471,Airplane
5472,Bird
5473,Airplane
5474,Bird
5475,Airplane
5476,Bird
5477,Bird
5478,Bird
5479,Bird
5480,Airplane
5481,Airplane
5482,Bird
5483,Bird
5484,Airplane
5485,Airplane
5486,Bird
5487,Bird
5488,Bird
5489,Airplane
5490,Airplane
5491,Bird
5492,Airplane
5493,Airplane
5494,Bird
5495,Bird
5496,Airplane
5497,Bird
5498,Bird
5499,Bird
5500,Airplane
5501,Bird
5502,Airplane
5503,Airplane
5504,Bird
5505,Bird
5506,Bird
5507,Bird
5508,Airplane
5509,Bird
5510,Airplane
5511,Airplane
5512,Bird
5513,Bird
5514,Bird
5515,Bird
5516,Airplane
5517,Bird
5518,Bird
5519,Airplane
5520,Bird
5521,Airplane
5522,Bird
5523,Bird
5524,Airplane
5525,Bird
5526,Airplane
5527,Bird
5528,Bird
5529,Bird
5530,Bird
5531,Bird
5532,Airplane
5533,Bird
5534,Bird
5535,Airplane
5536,Bird
5537,Bird
5538,Bird
5539,Bird
5540,Airplane
5541,Airplane
5542,Bird
5543,Bird
5544,Bird
5545,Airplane
5546,Bird
5547,Bird
5548,Bird
5549,Bird
5550,Airplane
5551,Bird
5552,Airplane
5553,Airplane
5554,Bird
5555,Airplane
5556,Airplane
5557,Airplane
5558,Bird
5559,Airplane
5560,Bird
5561,Airplane
5562,Airplane
5563,Bird
5564,Bird
5565,Bird
5566,Airplane
5567,Airplane
5568,Airplane
5569,Bird
5570,Bird
5571,Airplane
5572,Airplane
5573,Airplane
5574,Bird
5575,Airplane
5576,Airplane
5577,Bird
5578,Airplane
5579,Airplane
5580,Bird
5581,Bird
5582,Bird
5583,Airplane
5584,Airplane
5585,Airplane
5586,Airplane
5587,Bird
5588,Bird
5589,Bird
5590,Airplane
5591,Airplane
5592,Airplane
5593,Bird
5594,Bird
5595,Airplane
5596,Bird
5597,Airplane
5598,Airplane
5599,Bird
5600,Airplane
5601,Airplane
5602,Bird
5603,Bird
5604,Airplane
5605,Airplane
5606,Bird
5607,Bird
5608,Bird
5609,Bird
5610,Bird
5611,Airplane
5612,Airplane
5613,Airplane
5614,Bird
5615,Bird
5616,Airplane
5617,Bird
5618,Airplane
5619,Bird
5620,Bird
5621,Bird
5622,Bird
5623,Bird
5624,Airplane
5625,Airplane
5626,Airplane
5627,Airplane
5628,Airplane
5629,Bird
5630,Bird
5631,Bird
5632,Bird
5633,Bird
5634,Airplane
5635,Airplane
5636,Bird
5637,Airplane
5638,Bird
5639,Bird
5640,Bird
5641,Airplane
5642,Bird
5643,Airplane
5644,Airplane
5645,Airplane
5646,Bird
5647,Bird
5648,Bird
5649,Airplane
5650,Bird
5651,Bird
5652,Airplane
5653,Airplane
5654,Airplane
5655,Bird
5656,Airplane
5657,Bird
5658,Airplane
5659,Airplane
5660,Airplane
5661,Bird
5662,Airplane
5663,Bird
5664,Airplane
5665,Airplane
5666,Airplane
5667,Bird
5668,Bird
5669,Airplane
5670,Airplane
5671,Bird
5672,Bird
5673,Airplane
5674,Bird
5675,Bird
5676,Airplane
5677,Airplane
5678,Bird
5679,Bird
5680,Bird
5681,Bird
5682,Airplane
5683,Airplane
5684,Airplane
5685,Airplane
5686,Airplane
5687,Airplane
5688,Airplane
5689,Airplane
5690,Airplane
5691,Bird
5692,Airplane
5693,Bird
5694,Bird
5695,Airplane
5696,Airplane
5697,Bird
5698,Bird
5699,Bird
5700,Bird
5701,Airplane
5702,Airplane
5703,Bird
5704,Bird
5705,Airplane
5706,Airplane
5707,Airplane
5708,Bird
5709,Airplane
5710,Airplane
5711,Airplane
5712,Airplane
5713,Airplane
5714,Bird
5715,Bird
5716,Airplane
5717,Bird
5718,Bird
5719,Airplane
5720,Bird
5721,Bird
5722,Airplane
5723,Airplane
5724,Airplane
5725,Bird
5726,Airplane
5727,Airplane
5728,Airplane
5729,Bird
5730,Airplane
5731,Bird
5732,Bird
5733,Airplane
5734,Airplane
5735,Bird
5736,Airplane
5737,Bird
5738,Bird
5739,Airplane
5740,Bird
5741,Airplane
5742,Bird
5743,Airplane
5744,Airplane
5745,Airplane
5746,Airplane
5747,Airplane
5748,Bird
5749,Airplane
5750,Airplane
5751,Airplane
5752,Airplane
5753,Bird
5754,Airplane
5755,Airplane
5756,Airplane
5757,Airplane
5758,Airplane
5759,Airplane
5760,Airplane
5761,Airplane
5762,Bird
5763,Bird
5764,Airplane
5765,Airplane
5766,Bird
5767,Bird
5768,Airplane
5769,Airplane
5770,Airplane
5771,Airplane
5772,Bird
5773,Airplane
5774,Airplane
5775,Airplane
5776,Airplane
5777,Bird
5778,Airplane
5779,Airplane
5780,Bird
5781,Bird
5782,Bird
5783,Bird
5784,Airplane
5785,Bird
5786,Bird
5787,Airplane
5788,Airplane
5789,Airplane
5790,Airplane
5791,Airplane
5792,Airplane
5793,Bird
5794,Airplane
5795,Bird
5796,Airplane
5797,Airplane
5798,Airplane
5799,Bird
5800,Bird
5801,Airplane
5802,Bird
5803,Bird
5804,Airplane
5805,Airplane
5806,Airplane
5807,Airplane
5808,Airplane
5809,Bird
5810,Bird
5811,Airplane
5812,Airplane
5813,Bird
5814,Bird
5815,Airplane
5816,Airplane
5817,Airplane
5818,Airplane
5819,Bird
5820,Bird
5821,Airplane
5822,Airplane
5823,Bird
5824,Airplane
5825,Airplane
5826,Airplane
5827,Airplane
5828,Bird
5829,Airplane
5830,Bird
5831,Bird
5832,Airplane
5833,Airplane
5834,Airplane
5835,Bird
5836,Bird
5837,Bird
5838,Bird
5839,Bird
5840,Bird
5841,Airplane
5842,Bird
5843,Bird
5844,Airplane
5845,Bird
5846,Bird
5847,Bird
5848,Bird
5849,Bird
5850,Bird
5851,Bird
5852,Bird
5853,Bird
5854,Airplane
5855,Airplane
5856,Airplane
5857,Airplane
5858,Airplane
5859,Bird
5860,Bird
5861,Bird
5862,Bird
5863,Airplane
5864,Bird
5865,Bird
5866,Bird
5867,Airplane
5868,Bird
5869,Bird
5870,Airplane
5871,Bird
5872,Airplane
5873,Bird
5874,Airplane
5875,Airplane
5876,Bird
5877,Airplane
5878,Airplane
5879,Airplane
5880,Bird
5881,Airplane
5882,Airplane
5883,Bird
5884,Airplane
5885,Airplane
5886,Bird
5887,Bird
5888,Bird
5889,Airplane
5890,Bird
5891,Bird
5892,Airplane
5893,Bird
5894,Airplane
5895,Bird
5896,Bird
5897,Bird
5898,Bird
5899,Airplane
5900,Bird
5901,Bird
5902,Airplane
5903,Airplane
5904,Bird
5905,Bird
5906,Bird
5907,Airplane
5908,Bird
5909,Bird
5910,Airplane
5911,Airplane
5912,Bird
5913,Airplane
5914,Airplane
5915,Bird
5916,Bird
5917,Airplane
5918,Airplane
5919,Bird
5920,Airplane
5921,Bird
5922,Bird
5923,Bird
5924,Bird
5925,Bird
5926,Airplane
5927,Airplane
5928,Airplane
5929,Airplane
5930,Airplane
5931,Bird
5932,Airplane
5933,Airplane
5934,Airplane
5935,Bird
5936,Airplane
5937,Airplane
5938,Airplane
5939,Airplane
5940,Bird
5941,Airplane
5942,Airplane
5943,Bird
5944,Airplane
5945,Bird
5946,Bird
5947,Bird
5948,Airplane
5949,Airplane
5950,Airplane
5951,Bird
5952,Airplane
5953,Airplane
5954,Airplane
5955,Airplane
5956,Bird
5957,Airplane
5958,Bird
5959,Bird
5960,Airplane
5961,Bird
5962,Bird
5963,Airplane
5964,Bird
5965,Bird
5966,Bird
5967,Bird
5968,Bird
5969,Airplane
5970,Bird
5971,Bird
5972,Bird
5973,Airplane
5974,Airplane
5975,Airplane
5976,Bird
5977,Airplane
5978,Bird
5979,Airplane
5980,Airplane
5981,Airplane
5982,Airplane
5983,Airplane
5984,Airplane
5985,Bird
5986,Bird
5987,Airplane
5988,Airplane
5989,Airplane
5990,Airplane
5991,Airplane
5992,Bird
5993,Airplane
5994,Bird
5995,Airplane
5996,Bird
5997,Bird
5998,Bird
5999,Airplane
6000,Airplane
6001,Airplane
6002,Airplane
6003,Airplane
6004,Airplane
6005,Airplane
6006,Bird
6007,Bird
6008,Airplane
6009,Bird
6010,Bird
6011,Bird
6012,Bird
6013,Airplane
6014,Airplane
6015,Airplane
6016,Bird
6017,Airplane
6018,Airplane
6019,Airplane
6020,Bird
6021,Bird
6022,Airplane
6023,Airplane
6024,Bird
6025,Bird
6026,Airplane
6027,Airplane
6028,Bird
6029,Airplane
6030,Airplane
6031,Airplane
6032,Bird
6033,Airplane
6034,Bird
6035,Airplane
6036,Airplane
6037,Bird
6038,Airplane
6039,Bird
6040,Airplane
6041,Bird
6042,Airplane
6043,Bird
6044,Bird
6045,Bird
6046,Bird
6047,Bird
6048,Airplane
6049,Bird
6050,Airplane
6051,Airplane
6052,Bird
6053,Bird
6054,Airplane
6055,Bird
6056,Bird
6057,Airplane
6058,Airplane
6059,Airplane
6060,Bird
6061,Bird
6062,Bird
6063,Airplane
6064,Airplane
6065,Airplane
6066,Airplane
6067,Airplane
6068,Airplane
6069,Bird
6070,Airplane
6071,Bird
6072,Airplane
6073,Airplane
6074,Bird
6075,Airplane
6076,Airplane
6077,Bird
6078,Bird
6079,Airplane
6080,Airplane
6081,Airplane
6082,Bird
6083,Bird
6084,Airplane
6085,Bird
6086,Airplane
6087,Bird
6088,Airplane
6089,Bird
6090,Airplane
6091,Airplane
6092,Bird
6093,Airplane
6094,Airplane
6095,Bird
6096,Bird
6097,Bird
6098,Airplane
6099,Airplane
6100,Airplane
6101,Airplane
6102,Bird
6103,Bird
6104,Bird
6105,Bird
6106,Airplane
6107,Bird
6108,Airplane
6109,Bird
6110,Bird
6111,Airplane
6112,Airplane
6113,Airplane
6114,Airplane
6115,Bird
6116,Bird
6117,Airplane
6118,Bird
6119,Airplane
6120,Bird
6121,Bird
6122,Bird
6123,Bird
6124,Bird
6125,Airplane
6126,Airplane
6127,Airplane
6128,Airplane
6129,Airplane
6130,Airplane
6131,Bird
6132,Airplane
6133,Bird
6134,Airplane
6135,Airplane
6136,Airplane
6137,Bird
6138,Bird
6139,Airplane
6140,Airplane
6141,Bird
6142,Airplane
6143,Airplane
6144,Bird
6145,Airplane
6146,Bird
6147,Airplane
6148,Airplane
6149,Airplane
6150,Airplane
6151,Bird
6152,Bird
6153,Bird
6154,Bird
6155,Bird
6156,Bird
6157,Bird
6158,Airplane
6159,Airplane
6160,Bird
6161,Bird
6162,Airplane
6163,Airplane
6164,Bird
6165,Bird
6166,Airplane
6167,Airplane
6168,Airplane
6169,Airplane
6170,Bird
6171,Airplane
6172,Airplane
6173,Bird
6174,Airplane
6175,Airplane
6176,Bird
6177,Bird
6178,Bird
6179,Bird
6180,Airplane
6181,Airplane
6182,Airplane
6183,Bird
6184,Airplane
6185,Airplane
6186,Bird
6187,Airplane
6188,Bird
6189,Bird
6190,Bird
6191,Bird
6192,Airplane
6193,Bird
6194,Airplane
6195,Bird
6196,Airplane
6197,Bird
6198,Airplane
6199,Bird
6200,Airplane
6201,Airplane
6202,Airplane
6203,Bird
6204,Airplane
6205,Bird
6206,Airplane
6207,Airplane
6208,Bird
6209,Airplane
6210,Airplane
6211,Airplane
6212,Bird
6213,Bird
6214,Bird
6215,Airplane
6216,Bird
6217,Bird
6218,Bird
6219,Airplane
6220,Bird
6221,Bird
6222,Airplane
6223,Airplane
6224,Bird
6225,Airplane
6226,Airplane
6227,Bird
6228,Bird
6229,Airplane
6230,Airplane
6231,Airplane
6232,Bird
6233,Airplane
6234,Bird
6235,Airplane
6236,Bird
6237,Bird
6238,Airplane
6239,Airplane
6240,Bird
6241,Bird
6242,Bird
6243,Airplane
6244,Bird
6245,Airplane
6246,Airplane
6247,Bird
6248,Bird
6249,Bird
6250,Airplane
6251,Airplane
6252,Airplane
6253,Airplane
6254,Bird
6255,Bird
6256,Bird
6257,Airplane
6258,Bird
6259,Airplane
6260,Bird
6261,Bird
6262,Bird
6263,Bird
6264,Bird
6265,Bird
6266,Bird
6267,Airplane
6268,Airplane
6269,Bird
6270,Airplane
6271,Airplane
6272,Airplane
6273,Bird
6274,Airplane
6275,Airplane
6276,Airplane
6277,Airplane
6278,Bird
6279,Bird
6280,Bird
6281,Airplane
6282,Bird
6283,Bird
6284,Airplane
6285,Airplane
6286,Bird
6287,Airplane
6288,Bird
6289,Bird
6290,Bird
6291,Bird
6292,Airplane
6293,Airplane
6294,Bird
6295,Airplane
6296,Bird
6297,Bird
6298,Airplane
6299,Airplane
6300,Bird
6301,Airplane
6302,Airplane
6303,Airplane
6304,Bird
6305,Bird
6306,Bird
6307,Airplane
6308,Bird
6309,Airplane
6310,Bird
6311,Airplane
6312,Airplane
6313,Airplane
6314,Airplane
6315,Bird
6316,Bird
6317,Bird
6318,Airplane
6319,Airplane
6320,Airplane
6321,Airplane
6322,Bird
6323,Airplane
6324,Airplane
6325,Bird
6326,Airplane
6327,Bird
6328,Bird
6329,Bird
6330,Bird
6331,Bird
6332,Airplane
6333,Airplane
6334,Bird
6335,Airplane
6336,Bird
6337,Bird
6338,Airplane
6339,Airplane
6340,Bird
6341,Bird
6342,Airplane
6343,Bird
6344,Bird
6345,Bird
6346,Bird
6347,Airplane
6348,Airplane
6349,Airplane
6350,Bird
6351,Bird
6352,Bird
6353,Bird
6354,Airplane
6355,Bird
6356,Airplane
6357,Airplane
6358,Airplane
6359,Bird
6360,Bird
6361,Airplane
6362,Airplane
6363,Airplane
6364,Airplane
6365,Bird
6366,Bird
6367,Airplane
6368,Airplane
6369,Bird
6370,Airplane
6371,Bird
6372,Airplane
6373,Airplane
6374,Airplane
6375,Airplane
6376,Bird
6377,Airplane
6378,Airplane
6379,Bird
6380,Bird
6381,Bird
6382,Bird
6383,Airplane
6384,Bird
6385,Airplane
6386,Bird
6387,Bird
6388,Airplane
6389,Airplane
6390,Bird
6391,Bird
6392,Bird
6393,Airplane
6394,Bird
6395,Bird
6396,Bird
6397,Bird
6398,Airplane
6399,Airplane
6400,Airplane
6401,Bird
6402,Airplane
6403,Bird
6404,Airplane
6405,Airplane
6406,Bird
6407,Airplane
6408,Bird
6409,Airplane
6410,Bird
6411,Bird
6412,Airplane
6413,Bird
6414,Bird
6415,Bird
6416,Airplane
6417,Airplane
6418,Bird
6419,Airplane
6420,Bird
6421,Airplane
6422,Bird
6423,Bird
6424,Bird
6425,Airplane
6426,Airplane
6427,Airplane
6428,Bird
6429,Bird
6430,Airplane
6431,Bird
6432,Airplane
6433,Bird
6434,Airplane
6435,Bird
6436,Airplane
6437,Airplane
6438,Bird
6439,Bird
6440,Airplane
6441,Airplane
6442,Bird
6443,Airplane
6444,Bird
6445,Bird
6446,Airplane
6447,Bird
6448,Airplane
6449,Bird
6450,Airplane
6451,Bird
6452,Airplane
6453,Airplane
6454,Airplane
6455,Bird
6456,Bird
6457,Bird
6458,Airplane
6459,Bird
6460,Bird
6461,Airplane
6462,Bird
6463,Airplane
6464,Bird
6465,Airplane
6466,Airplane
6467,Bird
6468,Bird
6469,Airplane
6470,Bird
6471,Bird
6472,Bird
6473,Airplane
6474,Bird
6475,Bird
6476,Airplane
6477,Airplane
6478,Bird
6479,Bird
6480,Airplane
6481,Bird
6482,Bird
6483,Airplane
6484,Airplane
6485,Bird
6486,Airplane
6487,Airplane
6488,Airplane
6489,Airplane
6490,Bird
6491,Bird
6492,Airplane
6493,Airplane
6494,Airplane
6495,Airplane
6496,Bird
6497,Bird
6498,Airplane
6499,Airplane
6500,Bird
6501,Airplane
6502,Bird
6503,Airplane
6504,Airplane
6505,Bird
6506,Bird
6507,Bird
6508,Airplane
6509,Bird
6510,Bird
6511,Bird
6512,Airplane
6513,Airplane
6514,Bird
6515,Airplane
6516,Bird
6517,Airplane
6518,Bird
6519,Airplane
6520,Airplane
6521,Airplane
6522,Airplane
6523,Airplane
6524,Airplane
6525,Bird
6526,Airplane
6527,Bird
6528,Airplane
6529,Bird
6530,Bird
6531,Bird
6532,Airplane
6533,Airplane
6534,Airplane
6535,Bird
6536,Airplane
6537,Airplane
6538,Bird
6539,Bird
6540,Bird
6541,Airplane
6542,Airplane
6543,Airplane
6544,Bird
6545,Bird
6546,Airplane
6547,Bird
6548,Bird
6549,Airplane
6550,Bird
6551,Bird
6552,Airplane
6553,Bird
6554,Bird
6555,Airplane
6556,Bird
6557,Airplane
6558,Bird
6559,Bird
6560,Bird
6561,Bird
6562,Bird
6563,Airplane
6564,Airplane
6565,Bird
6566,Bird
6567,Bird
6568,Bird
6569,Bird
6570,Bird
6571,Airplane
6572,Airplane
6573,Bird
6574,Airplane
6575,Airplane
6576,Airplane
6577,Airplane
6578,Bird
6579,Airplane
6580,Airplane
6581,Airplane
6582,Bird
6583,Bird
6584,Bird
6585,Airplane
6586,Bird
6587,Airplane
6588,Bird
6589,Bird
6590,Bird
6591,Bird
6592,Airplane
6593,Bird
6594,Bird
6595,Bird
6596,Airplane
6597,Airplane
6598,Bird
6599,Airplane
6600,Bird
6601,Bird
6602,Bird
6603,Bird
6604,Airplane
6605,Bird
6606,Bird
6607,Bird
6608,Bird
6609,Airplane
6610,Airplane
6611,Bird
6612,Airplane
6613,Bird
6614,Airplane
6615,Airplane
6616,Bird
6617,Airplane
6618,Airplane
6619,Airplane
6620,Airplane
6621,Airplane
6622,Bird
6623,Airplane
6624,Bird
6625,Airplane
6626,Airplane
6627,Bird
6628,Airplane
6629,Airplane
6630,Airplane
6631,Bird
6632,Airplane
6633,Airplane
6634,Airplane
6635,Airplane
6636,Bird
6637,Airplane
6638,Bird
6639,Bird
6640,Airplane
6641,Airplane
6642,Airplane
6643,Bird
6644,Airplane
6645,Bird
6646,Airplane
6647,Airplane
6648,Airplane
6649,Airplane
6650,Airplane
6651,Bird
6652,Airplane
6653,Airplane
6654,Airplane
6655,Bird
6656,Airplane
6657,Bird
6658,Bird
6659,Bird
6660,Bird
6661,Airplane
6662,Airplane
6663,Bird
6664,Bird
6665,Airplane
6666,Bird
6667,Bird
6668,Bird
6669,Bird
6670,Airplane
6671,Airplane
6672,Airplane
6673,Bird
6674,Bird
6675,Airplane
6676,Airplane
6677,Airplane
6678,Airplane
6679,Bird
6680,Bird
6681,Airplane
6682,Airplane
6683,Bird
6684,Airplane
6685,Airplane
6686,Bird
6687,Airplane
6688,Airplane
6689,Airplane
6690,Airplane
6691,Airplane
6692,Airplane
6693,Bird
6694,Airplane
6695,Bird
6696,Airplane
6697,Bird
6698,Bird
6699,Bird
6700,Bird
6701,Bird
6702,Bird
6703,Bird
6704,Bird
6705,Airplane
6706,Airplane
6707,Airplane
6708,Bird
6709,Bird
6710,Bird
6711,Airplane
6712,Airplane
6713,Airplane
6714,Airplane
6715,Airplane
6716,Airplane
6717,Airplane
6718,Bird
6719,Airplane
6720,Bird
6721,Airplane
6722,Airplane
6723,Bird
6724,Bird
6725,Bird
6726,Airplane
6727,Airplane
6728,Airplane
6729,Bird
6730,Airplane
6731,Bird
6732,Airplane
6733,Airplane
6734,Airplane
6735,Bird
6736,Bird
6737,Bird
6738,Bird
6739,Airplane
6740,Bird
6741,Airplane
6742,Bird
6743,Airplane
6744,Bird
6745,Bird
6746,Airplane
6747,Bird
6748,Airplane
6749,Airplane
6750,Bird
6751,Bird
6752,Airplane
6753,Bird
6754,Bird
6755,Bird
6756,Airplane
6757,Airplane
6758,Airplane
6759,Bird
6760,Bird
6761,Airplane
6762,Airplane
6763,Airplane
6764,Airplane
6765,Airplane
6766,Airplane
6767,Bird
6768,Bird
6769,Bird
6770,Airplane
6771,Bird
6772,Bird
6773,Airplane
6774,Airplane
6775,Airplane
6776,Bird
6777,Bird
6778,Airplane
6779,Airplane
6780,Airplane
6781,Bird
6782,Bird
6783,Airplane
6784,Bird
6785,Airplane
6786,Bird
6787,Bird
6788,Bird
6789,Bird
6790,Airplane
6791,Bird
6792,Airplane
6793,Bird
6794,Bird
6795,Airplane
6796,Bird
6797,Bird
6798,Airplane
6799,Airplane
6800,Bird
6801,Airplane
6802,Airplane
6803,Bird
6804,Airplane
6805,Bird
6806,Bird
6807,Airplane
6808,Airplane
6809,Airplane
6810,Airplane
6811,Airplane
6812,Airplane
6813,Airplane
6814,Airplane
6815,Bird
6816,Bird
6817,Airplane
6818,Bird
6819,Bird
6820,Airplane
6821,Airplane
6822,Airplane
6823,Bird
6824,Bird
6825,Airplane
6826,Airplane
6827,Airplane
6828,Airplane
6829,Bird
6830,Bird
6831,Bird
6832,Airplane
6833,Airplane
6834,Airplane
6835,Airplane
6836,Bird
6837,Bird
6838,Airplane
6839,Bird
6840,Airplane
6841,Airplane
6842,Airplane
6843,Bird
6844,Airplane
6845,Airplane
6846,Airplane
6847,Bird
6848,Airplane
6849,Bird
6850,Bird
6851,Bird
6852,Bird
6853,Airplane
6854,Bird
6855,Airplane
6856,Bird
6857,Bird
6858,Airplane
6859,Airplane
6860,Airplane
6861,Bird
6862,Bird
6863,Airplane
6864,Airplane
6865,Airplane
6866,Airplane
6867,Bird
6868,Bird
6869,Bird
6870,Bird
6871,Airplane
6872,Airplane
6873,Bird
6874,Airplane
6875,Bird
6876,Bird
6877,Bird
6878,Airplane
6879,Bird
6880,Airplane
6881,Bird
6882,Airplane
6883,Airplane
6884,Airplane
6885,Bird
6886,Airplane
6887,Bird
6888,Airplane
6889,Bird
6890,Bird
6891,Airplane
6892,Airplane
6893,Bird
6894,Bird
6895,Airplane
6896,Bird
6897,Airplane
6898,Bird
6899,Airplane
6900,Airplane
6901,Bird
6902,Bird
6903,Airplane
6904,Bird
6905,Bird
6906,Bird
6907,Bird
6908,Bird
6909,Airplane
6910,Bird
6911,Bird
6912,Bird
6913,Bird
6914,Bird
6915,Airplane
6916,Airplane
6917,Airplane
6918,Airplane
6919,Airplane
6920,Airplane
6921,Airplane
6922,Airplane
6923,Bird
6924,Bird
6925,Bird
6926,Airplane
6927,Bird
6928,Airplane
6929,Airplane
6930,Bird
6931,Bird
6932,Bird
6933,Bird
6934,Bird
6935,Airplane
6936,Airplane
6937,Airplane
6938,Bird
6939,Bird
6940,Bird
6941,Bird
6942,Airplane
6943,Bird
6944,Bird
6945,Bird
6946,Bird
6947,Bird
6948,Airplane
6949,Bird
6950,Bird
6951,Bird
6952,Bird
6953,Airplane
6954,Airplane
6955,Bird
6956,Airplane
6957,Airplane
6958,Airplane
6959,Airplane
6960,Bird
6961,Airplane
6962,Bird
6963,Airplane
6964,Airplane
6965,Airplane
6966,Bird
6967,Bird
6968,Airplane
6969,Airplane
6970,Bird
6971,Bird
6972,Airplane
6973,Airplane
6974,Airplane
6975,Airplane
6976,Airplane
6977,Bird
6978,Bird
6979,Bird
6980,Airplane
6981,Bird
6982,Bird
6983,Airplane
6984,Bird
6985,Bird
6986,Airplane
6987,Bird
6988,Bird
6989,Bird
6990,Bird
6991,Bird
6992,Bird
6993,Airplane
6994,Airplane
6995,Bird
6996,Airplane
6997,Bird
6998,Airplane
6999,Airplane
7000,Airplane
7001,Airplane
7002,Bird
7003,Airplane
7004,Bird
7005,Airplane
7006,Bird
7007,Bird
7008,Airplane
7009,Airplane
7010,Bird
7011,Airplane
7012,Airplane
7013,Airplane
7014,Bird
7015,Bird
7016,Airplane
7017,Airplane
7018,Bird
7019,Airplane
7020,Bird
7021,Airplane
7022,Bird
7023,Bird
7024,Airplane
7025,Bird
7026,Bird
7027,Airplane
7028,Airplane
7029,Bird
7030,Bird
7031,Bird
7032,Bird
7033,Bird
7034,Airplane
7035,Bird
7036,Airplane
7037,Airplane
7038,Airplane
7039,Bird
7040,Bird
7041,Bird
7042,Bird
7043,Airplane
7044,Airplane
7045,Airplane
7046,Bird
7047,Bird
7048,Airplane
7049,Bird
7050,Airplane
7051,Airplane
7052,Bird
7053,Bird
7054,Airplane
7055,Bird
7056,Bird
7057,Bird
7058,Airplane
7059,Bird
7060,Bird
7061,Bird
7062,Airplane
7063,Airplane
7064,Airplane
7065,Airplane
7066,Bird
7067,Airplane
7068,Bird
7069,Airplane
7070,Bird
7071,Bird
7072,Bird
7073,Airplane
7074,Airplane
7075,Airplane
7076,Bird
7077,Bird
7078,Airplane
7079,Bird
7080,Airplane
7081,Bird
7082,Airplane
7083,Bird
7084,Airplane
7085,Airplane
7086,Airplane
7087,Airplane
7088,Bird
7089,Bird
7090,Airplane
7091,Airplane
7092,Airplane
7093,Bird
7094,Bird
7095,Bird
7096,Bird
7097,Bird
7098,Airplane
7099,Bird
7100,Airplane
7101,Airplane
7102,Bird
7103,Bird
7104,Airplane
7105,Bird
7106,Bird
7107,Bird
7108,Bird
7109,Bird
7110,Bird
7111,Bird
7112,Airplane
7113,Airplane
7114,Airplane
7115,Bird
7116,Airplane
7117,Airplane
7118,Bird
7119,Airplane
7120,Bird
7121,Bird
7122,Bird
7123,Airplane
7124,Airplane
7125,Bird
7126,Bird
7127,Bird
7128,Airplane
7129,Bird
7130,Airplane
7131,Bird
7132,Airplane
7133,Airplane
7134,Bird
7135,Bird
7136,Airplane
7137,Bird
7138,Bird
7139,Airplane
7140,Airplane
7141,Airplane
7142,Airplane
7143,Bird
7144,Airplane
7145,Bird
7146,Bird
7147,Bird
7148,Airplane
7149,Airplane
7150,Airplane
7151,Airplane
7152,Bird
7153,Airplane
7154,Bird
7155,Airplane
7156,Airplane
7157,Airplane
7158,Bird
7159,Bird
7160,Airplane
7161,Bird
7162,Bird
7163,Airplane
7164,Airplane
7165,Airplane
7166,Bird
7167,Bird
7168,Bird
7169,Bird
7170,Bird
7171,Airplane
7172,Bird
7173,Airplane
7174,Airplane
7175,Airplane
7176,Bird
7177,Bird
7178,Airplane
7179,Airplane
7180,Airplane
7181,Airplane
7182,Airplane
7183,Bird
7184,Airplane
7185,Airplane
7186,Bird
7187,Bird
7188,Bird
7189,Bird
7190,Bird
7191,Bird
7192,Airplane
7193,Bird
7194,Bird
7195,Bird
7196,Bird
7197,Airplane
7198,Airplane
7199,Bird
