id,target
0,Airplane
1,Airplane
2,Airplane
3,Airplane
4,Airplane
5,Airplane
6,Airplane
7,Airplane
8,Airplane
9,Airplane
10,Airplane
11,Airplane
12,Airplane
13,Airplane
14,Airplane
15,Airplane
16,Airplane
17,Airplane
18,Airplane
19,Airplane
20,Airplane
21,Airplane
22,Airplane
23,Airplane
24,Airplane
25,Airplane
26,Airplane
27,Airplane
28,Airplane
29,Airplane
30,Airplane
31,Airplane
32,Airplane
33,Airplane
34,Airplane
35,Airplane
36,Airplane
37,Airplane
38,Airplane
39,Airplane
40,Airplane
41,Airplane
42,Airplane
43,Airplane
44,Airplane
45,Airplane
46,Airplane
47,Airplane
48,Airplane
49,Airplane
50,Airplane
51,Airplane
52,Airplane
53,Airplane
54,Airplane
55,Airplane
56,Airplane
57,Airplane
58,Airplane
59,Airplane
60,Airplane
61,Airplane
62,Airplane
63,Airplane
64,Airplane
65,Airplane
66,Airplane
67,Airplane
68,Airplane
69,Airplane
70,Airplane
71,Airplane
72,Airplane
73,Airplane
74,Airplane
75,Airplane
76,Airplane
77,Airplane
78,Airplane
79,Airplane
80,Airplane
81,Airplane
82,Airplane
83,Airplane
84,Airplane
85,Airplane
86,Airplane
87,Airplane
88,Airplane
89,Airplane
90,Airplane
91,Airplane
92,Airplane
93,Airplane
94,Airplane
95,Airplane
96,Airplane
97,Airplane
98,Airplane
99,Airplane
100,Airplane
101,Airplane
102,Airplane
103,Airplane
104,Airplane
105,Airplane
106,Airplane
107,Airplane
108,Airplane
109,Airplane
110,Airplane
111,Airplane
112,Airplane
113,Airplane
114,Airplane
115,Airplane
116,Airplane
117,Airplane
118,Airplane
119,Airplane
120,Airplane
121,Airplane
122,Airplane
123,Airplane
124,Airplane
125,Airplane
126,Airplane
127,Airplane
128,Airplane
129,Airplane
130,Airplane
131,Airplane
132,Airplane
133,Airplane
134,Airplane
135,Airplane
136,Airplane
137,Airplane
138,Airplane
139,Airplane
140,Airplane
141,Airplane
142,Airplane
143,Airplane
144,Airplane
145,Airplane
146,Airplane
147,Airplane
148,Airplane
149,Airplane
150,Airplane
151,Airplane
152,Airplane
153,Airplane
154,Airplane
155,Airplane
156,Airplane
157,Airplane
158,Airplane
159,Airplane
160,Airplane
161,Airplane
162,Airplane
163,Airplane
164,Airplane
165,Airplane
166,Airplane
167,Airplane
168,Airplane
169,Airplane
170,Airplane
171,Airplane
172,Airplane
173,Airplane
174,Airplane
175,Airplane
176,Airplane
177,Airplane
178,Airplane
179,Airplane
180,Airplane
181,Airplane
182,Airplane
183,Airplane
184,Airplane
185,Airplane
186,Airplane
187,Airplane
188,Airplane
189,Airplane
190,Airplane
191,Airplane
192,Airplane
193,Airplane
194,Airplane
195,Airplane
196,Airplane
197,Airplane
198,Airplane
199,Airplane
200,Airplane
201,Airplane
202,Airplane
203,Airplane
204,Airplane
205,Airplane
206,Airplane
207,Airplane
208,Airplane
209,Airplane
210,Airplane
211,Airplane
212,Airplane
213,Airplane
214,Airplane
215,Airplane
216,Airplane
217,Airplane
218,Airplane
219,Airplane
220,Airplane
221,Airplane
222,Airplane
223,Airplane
224,Airplane
225,Airplane
226,Airplane
227,Airplane
228,Airplane
229,Airplane
230,Airplane
231,Airplane
232,Airplane
233,Airplane
234,Airplane
235,Airplane
236,Airplane
237,Airplane
238,Airplane
239,Airplane
240,Airplane
241,Airplane
242,Airplane
243,Airplane
244,Airplane
245,Airplane
246,Airplane
247,Airplane
248,Airplane
249,Airplane
250,Airplane
251,Airplane
252,Airplane
253,Airplane
254,Airplane
255,Airplane
256,Airplane
257,Airplane
258,Airplane
259,Airplane
260,Airplane
261,Airplane
262,Airplane
263,Airplane
264,Airplane
265,Airplane
266,Airplane
267,Airplane
268,Airplane
269,Airplane
270,Airplane
271,Airplane
272,Airplane
273,Airplane
274,Airplane
275,Airplane
276,Airplane
277,Airplane
278,Airplane
279,Airplane
280,Airplane
281,Airplane
282,Airplane
283,Airplane
284,Airplane
285,Airplane
286,Airplane
287,Airplane
288,Airplane
289,Airplane
290,Airplane
291,Airplane
292,Airplane
293,Airplane
294,Airplane
295,Airplane
296,Airplane
297,Airplane
298,Airplane
299,Airplane
300,Airplane
301,Airplane
302,Airplane
303,Airplane
304,Airplane
305,Airplane
306,Airplane
307,Airplane
308,Airplane
309,Airplane
310,Airplane
311,Airplane
312,Airplane
313,Airplane
314,Airplane
315,Airplane
316,Airplane
317,Airplane
318,Airplane
319,Airplane
320,Airplane
321,Airplane
322,Airplane
323,Airplane
324,Airplane
325,Airplane
326,Airplane
327,Airplane
328,Airplane
329,Airplane
330,Airplane
331,Airplane
332,Airplane
333,Airplane
334,Airplane
335,Airplane
336,Airplane
337,Airplane
338,Airplane
339,Airplane
340,Airplane
341,Airplane
342,Airplane
343,Airplane
344,Airplane
345,Airplane
346,Airplane
347,Airplane
348,Airplane
349,Airplane
350,Airplane
351,Airplane
352,Airplane
353,Airplane
354,Airplane
355,Airplane
356,Airplane
357,Airplane
358,Airplane
359,Airplane
360,Airplane
361,Airplane
362,Airplane
363,Airplane
364,Airplane
365,Airplane
366,Airplane
367,Airplane
368,Airplane
369,Airplane
370,Airplane
371,Airplane
372,Airplane
373,Airplane
374,Airplane
375,Airplane
376,Airplane
377,Airplane
378,Airplane
379,Airplane
380,Airplane
381,Airplane
382,Airplane
383,Airplane
384,Airplane
385,Airplane
386,Airplane
387,Airplane
388,Airplane
389,Airplane
390,Airplane
391,Airplane
392,Airplane
393,Airplane
394,Airplane
395,Airplane
396,Airplane
397,Airplane
398,Airplane
399,Airplane
400,Airplane
401,Airplane
402,Airplane
403,Airplane
404,Airplane
405,Airplane
406,Airplane
407,Airplane
408,Airplane
409,Airplane
410,Airplane
411,Airplane
412,Airplane
413,Airplane
414,Airplane
415,Airplane
416,Airplane
417,Airplane
418,Airplane
419,Airplane
420,Airplane
421,Airplane
422,Airplane
423,Airplane
424,Airplane
425,Airplane
426,Airplane
427,Airplane
428,Airplane
429,Airplane
430,Airplane
431,Airplane
432,Airplane
433,Airplane
434,Airplane
435,Airplane
436,Airplane
437,Airplane
438,Airplane
439,Airplane
440,Airplane
441,Airplane
442,Airplane
443,Airplane
444,Airplane
445,Airplane
446,Airplane
447,Airplane
448,Airplane
449,Airplane
450,Airplane
451,Airplane
452,Airplane
453,Airplane
454,Airplane
455,Airplane
456,Airplane
457,Airplane
458,Airplane
459,Airplane
460,Airplane
461,Airplane
462,Airplane
463,Airplane
464,Airplane
465,Airplane
466,Airplane
467,Airplane
468,Airplane
469,Airplane
470,Airplane
471,Airplane
472,Airplane
473,Airplane
474,Airplane
475,Airplane
476,Airplane
477,Airplane
478,Airplane
479,Airplane
480,Airplane
481,Airplane
482,Airplane
483,Airplane
484,Airplane
485,Airplane
486,Airplane
487,Airplane
488,Airplane
489,Airplane
490,Airplane
491,Airplane
492,Airplane
493,Airplane
494,Airplane
495,Airplane
496,Airplane
497,Airplane
498,Airplane
499,Airplane
500,Airplane
501,Airplane
502,Airplane
503,Airplane
504,Airplane
505,Airplane
506,Airplane
507,Airplane
508,Airplane
509,Airplane
510,Airplane
511,Airplane
512,Airplane
513,Airplane
514,Airplane
515,Airplane
516,Airplane
517,Airplane
518,Airplane
519,Airplane
520,Airplane
521,Airplane
522,Airplane
523,Airplane
524,Airplane
525,Airplane
526,Airplane
527,Airplane
528,Airplane
529,Airplane
530,Airplane
531,Airplane
532,Airplane
533,Airplane
534,Airplane
535,Airplane
536,Airplane
537,Airplane
538,Airplane
539,Airplane
540,Airplane
541,Airplane
542,Airplane
543,Airplane
544,Airplane
545,Airplane
546,Airplane
547,Airplane
548,Airplane
549,Airplane
550,Airplane
551,Airplane
552,Airplane
553,Airplane
554,Airplane
555,Airplane
556,Airplane
557,Airplane
558,Airplane
559,Airplane
560,Airplane
561,Airplane
562,Airplane
563,Airplane
564,Airplane
565,Airplane
566,Airplane
567,Airplane
568,Airplane
569,Airplane
570,Airplane
571,Airplane
572,Airplane
573,Airplane
574,Airplane
575,Airplane
576,Airplane
577,Airplane
578,Airplane
579,Airplane
580,Airplane
581,Airplane
582,Airplane
583,Airplane
584,Airplane
585,Airplane
586,Airplane
587,Airplane
588,Airplane
589,Airplane
590,Airplane
591,Airplane
592,Airplane
593,Airplane
594,Airplane
595,Airplane
596,Airplane
597,Airplane
598,Airplane
599,Airplane
600,Airplane
601,Airplane
602,Airplane
603,Airplane
604,Airplane
605,Airplane
606,Airplane
607,Airplane
608,Airplane
609,Airplane
610,Airplane
611,Airplane
612,Airplane
613,Airplane
614,Airplane
615,Airplane
616,Airplane
617,Airplane
618,Airplane
619,Airplane
620,Airplane
621,Airplane
622,Airplane
623,Airplane
624,Airplane
625,Airplane
626,Airplane
627,Airplane
628,Airplane
629,Airplane
630,Airplane
631,Airplane
632,Airplane
633,Airplane
634,Airplane
635,Airplane
636,Airplane
637,Airplane
638,Airplane
639,Airplane
640,Airplane
641,Airplane
642,Airplane
643,Airplane
644,Airplane
645,Airplane
646,Airplane
647,Airplane
648,Airplane
649,Airplane
650,Airplane
651,Airplane
652,Airplane
653,Airplane
654,Airplane
655,Airplane
656,Airplane
657,Airplane
658,Airplane
659,Airplane
660,Airplane
661,Airplane
662,Airplane
663,Airplane
664,Airplane
665,Airplane
666,Airplane
667,Airplane
668,Airplane
669,Airplane
670,Airplane
671,Airplane
672,Airplane
673,Airplane
674,Airplane
675,Airplane
676,Airplane
677,Airplane
678,Airplane
679,Airplane
680,Airplane
681,Airplane
682,Airplane
683,Airplane
684,Airplane
685,Airplane
686,Airplane
687,Airplane
688,Airplane
689,Airplane
690,Airplane
691,Airplane
692,Airplane
693,Airplane
694,Airplane
695,Airplane
696,Airplane
697,Airplane
698,Airplane
699,Airplane
700,Airplane
701,Airplane
702,Airplane
703,Airplane
704,Airplane
705,Airplane
706,Airplane
707,Airplane
708,Airplane
709,Airplane
710,Airplane
711,Airplane
712,Airplane
713,Airplane
714,Airplane
715,Airplane
716,Airplane
717,Airplane
718,Airplane
719,Airplane
720,Airplane
721,Airplane
722,Airplane
723,Airplane
724,Airplane
725,Airplane
726,Airplane
727,Airplane
728,Airplane
729,Airplane
730,Airplane
731,Airplane
732,Airplane
733,Airplane
734,Airplane
735,Airplane
736,Airplane
737,Airplane
738,Airplane
739,Airplane
740,Airplane
741,Airplane
742,Airplane
743,Airplane
744,Airplane
745,Airplane
746,Airplane
747,Airplane
748,Airplane
749,Airplane
750,Airplane
751,Airplane
752,Airplane
753,Airplane
754,Airplane
755,Airplane
756,Airplane
757,Airplane
758,Airplane
759,Airplane
760,Airplane
761,Airplane
762,Airplane
763,Airplane
764,Airplane
765,Airplane
766,Airplane
767,Airplane
768,Airplane
769,Airplane
770,Airplane
771,Airplane
772,Airplane
773,Airplane
774,Airplane
775,Airplane
776,Airplane
777,Airplane
778,Airplane
779,Airplane
780,Airplane
781,Airplane
782,Airplane
783,Airplane
784,Airplane
785,Airplane
786,Airplane
787,Airplane
788,Airplane
789,Airplane
790,Airplane
791,Airplane
792,Airplane
793,Airplane
794,Airplane
795,Airplane
796,Airplane
797,Airplane
798,Airplane
799,Airplane
800,Airplane
801,Airplane
802,Airplane
803,Airplane
804,Airplane
805,Airplane
806,Airplane
807,Airplane
808,Airplane
809,Airplane
810,Airplane
811,Airplane
812,Airplane
813,Airplane
814,Airplane
815,Airplane
816,Airplane
817,Airplane
818,Airplane
819,Airplane
820,Airplane
821,Airplane
822,Airplane
823,Airplane
824,Airplane
825,Airplane
826,Airplane
827,Airplane
828,Airplane
829,Airplane
830,Airplane
831,Airplane
832,Airplane
833,Airplane
834,Airplane
835,Airplane
836,Airplane
837,Airplane
838,Airplane
839,Airplane
840,Airplane
841,Airplane
842,Airplane
843,Airplane
844,Airplane
845,Airplane
846,Airplane
847,Airplane
848,Airplane
849,Airplane
850,Airplane
851,Airplane
852,Airplane
853,Airplane
854,Airplane
855,Airplane
856,Airplane
857,Airplane
858,Airplane
859,Airplane
860,Airplane
861,Airplane
862,Airplane
863,Airplane
864,Airplane
865,Airplane
866,Airplane
867,Airplane
868,Airplane
869,Airplane
870,Airplane
871,Airplane
872,Airplane
873,Airplane
874,Airplane
875,Airplane
876,Airplane
877,Airplane
878,Airplane
879,Airplane
880,Airplane
881,Airplane
882,Airplane
883,Airplane
884,Airplane
885,Airplane
886,Airplane
887,Airplane
888,Airplane
889,Airplane
890,Airplane
891,Airplane
892,Airplane
893,Airplane
894,Airplane
895,Airplane
896,Airplane
897,Airplane
898,Airplane
899,Airplane
900,Airplane
901,Airplane
902,Airplane
903,Airplane
904,Airplane
905,Airplane
906,Airplane
907,Airplane
908,Airplane
909,Airplane
910,Airplane
911,Airplane
912,Airplane
913,Airplane
914,Airplane
915,Airplane
916,Airplane
917,Airplane
918,Airplane
919,Airplane
920,Airplane
921,Airplane
922,Airplane
923,Airplane
924,Airplane
925,Airplane
926,Airplane
927,Airplane
928,Airplane
929,Airplane
930,Airplane
931,Airplane
932,Airplane
933,Airplane
934,Airplane
935,Airplane
936,Airplane
937,Airplane
938,Airplane
939,Airplane
940,Airplane
941,Airplane
942,Airplane
943,Airplane
944,Airplane
945,Airplane
946,Airplane
947,Airplane
948,Airplane
949,Airplane
950,Airplane
951,Airplane
952,Airplane
953,Airplane
954,Airplane
955,Airplane
956,Airplane
957,Airplane
958,Airplane
959,Airplane
960,Airplane
961,Airplane
962,Airplane
963,Airplane
964,Airplane
965,Airplane
966,Airplane
967,Airplane
968,Airplane
969,Airplane
970,Airplane
971,Airplane
972,Airplane
973,Airplane
974,Airplane
975,Airplane
976,Airplane
977,Airplane
978,Airplane
979,Airplane
980,Airplane
981,Airplane
982,Airplane
983,Airplane
984,Airplane
985,Airplane
986,Airplane
987,Airplane
988,Airplane
989,Airplane
990,Airplane
991,Airplane
992,Airplane
993,Airplane
994,Airplane
995,Airplane
996,Airplane
997,Airplane
998,Airplane
999,Airplane
1000,Airplane
1001,Airplane
1002,Airplane
1003,Airplane
1004,Airplane
1005,Airplane
1006,Airplane
1007,Airplane
1008,Airplane
1009,Airplane
1010,Airplane
1011,Airplane
1012,Airplane
1013,Airplane
1014,Airplane
1015,Airplane
1016,Airplane
1017,Airplane
1018,Airplane
1019,Airplane
1020,Airplane
1021,Airplane
1022,Airplane
1023,Airplane
1024,Airplane
1025,Airplane
1026,Airplane
1027,Airplane
1028,Airplane
1029,Airplane
1030,Airplane
1031,Airplane
1032,Airplane
1033,Airplane
1034,Airplane
1035,Airplane
1036,Airplane
1037,Airplane
1038,Airplane
1039,Airplane
1040,Airplane
1041,Airplane
1042,Airplane
1043,Airplane
1044,Airplane
1045,Airplane
1046,Airplane
1047,Airplane
1048,Airplane
1049,Airplane
1050,Airplane
1051,Airplane
1052,Airplane
1053,Airplane
1054,Airplane
1055,Airplane
1056,Airplane
1057,Airplane
1058,Airplane
1059,Airplane
1060,Airplane
1061,Airplane
1062,Airplane
1063,Airplane
1064,Airplane
1065,Airplane
1066,Airplane
1067,Airplane
1068,Airplane
1069,Airplane
1070,Airplane
1071,Airplane
1072,Airplane
1073,Airplane
1074,Airplane
1075,Airplane
1076,Airplane
1077,Airplane
1078,Airplane
1079,Airplane
1080,Airplane
1081,Airplane
1082,Airplane
1083,Airplane
1084,Airplane
1085,Airplane
1086,Airplane
1087,Airplane
1088,Airplane
1089,Airplane
1090,Airplane
1091,Airplane
1092,Airplane
1093,Airplane
1094,Airplane
1095,Airplane
1096,Airplane
1097,Airplane
1098,Airplane
1099,Airplane
1100,Airplane
1101,Airplane
1102,Airplane
1103,Airplane
1104,Airplane
1105,Airplane
1106,Airplane
1107,Airplane
1108,Airplane
1109,Airplane
1110,Airplane
1111,Airplane
1112,Airplane
1113,Airplane
1114,Airplane
1115,Airplane
1116,Airplane
1117,Airplane
1118,Airplane
1119,Airplane
1120,Airplane
1121,Airplane
1122,Airplane
1123,Airplane
1124,Airplane
1125,Airplane
1126,Airplane
1127,Airplane
1128,Airplane
1129,Airplane
1130,Airplane
1131,Airplane
1132,Airplane
1133,Airplane
1134,Airplane
1135,Airplane
1136,Airplane
1137,Airplane
1138,Airplane
1139,Airplane
1140,Airplane
1141,Airplane
1142,Airplane
1143,Airplane
1144,Airplane
1145,Airplane
1146,Airplane
1147,Airplane
1148,Airplane
1149,Airplane
1150,Airplane
1151,Airplane
1152,Airplane
1153,Airplane
1154,Airplane
1155,Airplane
1156,Airplane
1157,Airplane
1158,Airplane
1159,Airplane
1160,Airplane
1161,Airplane
1162,Airplane
1163,Airplane
1164,Airplane
1165,Airplane
1166,Airplane
1167,Airplane
1168,Airplane
1169,Airplane
1170,Airplane
1171,Airplane
1172,Airplane
1173,Airplane
1174,Airplane
1175,Airplane
1176,Airplane
1177,Airplane
1178,Airplane
1179,Airplane
1180,Airplane
1181,Airplane
1182,Airplane
1183,Airplane
1184,Airplane
1185,Airplane
1186,Airplane
1187,Airplane
1188,Airplane
1189,Airplane
1190,Airplane
1191,Airplane
1192,Airplane
1193,Airplane
1194,Airplane
1195,Airplane
1196,Airplane
1197,Airplane
1198,Airplane
1199,Airplane
1200,Airplane
1201,Airplane
1202,Airplane
1203,Airplane
1204,Airplane
1205,Airplane
1206,Airplane
1207,Airplane
1208,Airplane
1209,Airplane
1210,Airplane
1211,Airplane
1212,Airplane
1213,Airplane
1214,Airplane
1215,Airplane
1216,Airplane
1217,Airplane
1218,Airplane
1219,Airplane
1220,Airplane
1221,Airplane
1222,Airplane
1223,Airplane
1224,Airplane
1225,Airplane
1226,Airplane
1227,Airplane
1228,Airplane
1229,Airplane
1230,Airplane
1231,Airplane
1232,Airplane
1233,Airplane
1234,Airplane
1235,Airplane
1236,Airplane
1237,Airplane
1238,Airplane
1239,Airplane
1240,Airplane
1241,Airplane
1242,Airplane
1243,Airplane
1244,Airplane
1245,Airplane
1246,Airplane
1247,Airplane
1248,Airplane
1249,Airplane
1250,Airplane
1251,Airplane
1252,Airplane
1253,Airplane
1254,Airplane
1255,Airplane
1256,Airplane
1257,Airplane
1258,Airplane
1259,Airplane
1260,Airplane
1261,Airplane
1262,Airplane
1263,Airplane
1264,Airplane
1265,Airplane
1266,Airplane
1267,Airplane
1268,Airplane
1269,Airplane
1270,Airplane
1271,Airplane
1272,Airplane
1273,Airplane
1274,Airplane
1275,Airplane
1276,Airplane
1277,Airplane
1278,Airplane
1279,Airplane
1280,Airplane
1281,Airplane
1282,Airplane
1283,Airplane
1284,Airplane
1285,Airplane
1286,Airplane
1287,Airplane
1288,Airplane
1289,Airplane
1290,Airplane
1291,Airplane
1292,Airplane
1293,Airplane
1294,Airplane
1295,Airplane
1296,Airplane
1297,Airplane
1298,Airplane
1299,Airplane
1300,Airplane
1301,Airplane
1302,Airplane
1303,Airplane
1304,Airplane
1305,Airplane
1306,Airplane
1307,Airplane
1308,Airplane
1309,Airplane
1310,Airplane
1311,Airplane
1312,Airplane
1313,Airplane
1314,Airplane
1315,Airplane
1316,Airplane
1317,Airplane
1318,Airplane
1319,Airplane
1320,Airplane
1321,Airplane
1322,Airplane
1323,Airplane
1324,Airplane
1325,Airplane
1326,Airplane
1327,Airplane
1328,Airplane
1329,Airplane
1330,Airplane
1331,Airplane
1332,Airplane
1333,Airplane
1334,Airplane
1335,Airplane
1336,Airplane
1337,Airplane
1338,Airplane
1339,Airplane
1340,Airplane
1341,Airplane
1342,Airplane
1343,Airplane
1344,Airplane
1345,Airplane
1346,Airplane
1347,Airplane
1348,Airplane
1349,Airplane
1350,Airplane
1351,Airplane
1352,Airplane
1353,Airplane
1354,Airplane
1355,Airplane
1356,Airplane
1357,Airplane
1358,Airplane
1359,Airplane
1360,Airplane
1361,Airplane
1362,Airplane
1363,Airplane
1364,Airplane
1365,Airplane
1366,Airplane
1367,Airplane
1368,Airplane
1369,Airplane
1370,Airplane
1371,Airplane
1372,Airplane
1373,Airplane
1374,Airplane
1375,Airplane
1376,Airplane
1377,Airplane
1378,Airplane
1379,Airplane
1380,Airplane
1381,Airplane
1382,Airplane
1383,Airplane
1384,Airplane
1385,Airplane
1386,Airplane
1387,Airplane
1388,Airplane
1389,Airplane
1390,Airplane
1391,Airplane
1392,Airplane
1393,Airplane
1394,Airplane
1395,Airplane
1396,Airplane
1397,Airplane
1398,Airplane
1399,Airplane
1400,Airplane
1401,Airplane
1402,Airplane
1403,Airplane
1404,Airplane
1405,Airplane
1406,Airplane
1407,Airplane
1408,Airplane
1409,Airplane
1410,Airplane
1411,Airplane
1412,Airplane
1413,Airplane
1414,Airplane
1415,Airplane
1416,Airplane
1417,Airplane
1418,Airplane
1419,Airplane
1420,Airplane
1421,Airplane
1422,Airplane
1423,Airplane
1424,Airplane
1425,Airplane
1426,Airplane
1427,Airplane
1428,Airplane
1429,Airplane
1430,Airplane
1431,Airplane
1432,Airplane
1433,Airplane
1434,Airplane
1435,Airplane
1436,Airplane
1437,Airplane
1438,Airplane
1439,Airplane
1440,Airplane
1441,Airplane
1442,Airplane
1443,Airplane
1444,Airplane
1445,Airplane
1446,Airplane
1447,Airplane
1448,Airplane
1449,Airplane
1450,Airplane
1451,Airplane
1452,Airplane
1453,Airplane
1454,Airplane
1455,Airplane
1456,Airplane
1457,Airplane
1458,Airplane
1459,Airplane
1460,Airplane
1461,Airplane
1462,Airplane
1463,Airplane
1464,Airplane
1465,Airplane
1466,Airplane
1467,Airplane
1468,Airplane
1469,Airplane
1470,Airplane
1471,Airplane
1472,Airplane
1473,Airplane
1474,Airplane
1475,Airplane
1476,Airplane
1477,Airplane
1478,Airplane
1479,Airplane
1480,Airplane
1481,Airplane
1482,Airplane
1483,Airplane
1484,Airplane
1485,Airplane
1486,Airplane
1487,Airplane
1488,Airplane
1489,Airplane
1490,Airplane
1491,Airplane
1492,Airplane
1493,Airplane
1494,Airplane
1495,Airplane
1496,Airplane
1497,Airplane
1498,Airplane
1499,Airplane
1500,Airplane
1501,Airplane
1502,Airplane
1503,Airplane
1504,Airplane
1505,Airplane
1506,Airplane
1507,Airplane
1508,Airplane
1509,Airplane
1510,Airplane
1511,Airplane
1512,Airplane
1513,Airplane
1514,Airplane
1515,Airplane
1516,Airplane
1517,Airplane
1518,Airplane
1519,Airplane
1520,Airplane
1521,Airplane
1522,Airplane
1523,Airplane
1524,Airplane
1525,Airplane
1526,Airplane
1527,Airplane
1528,Airplane
1529,Airplane
1530,Airplane
1531,Airplane
1532,Airplane
1533,Airplane
1534,Airplane
1535,Airplane
1536,Airplane
1537,Airplane
1538,Airplane
1539,Airplane
1540,Airplane
1541,Airplane
1542,Airplane
1543,Airplane
1544,Airplane
1545,Airplane
1546,Airplane
1547,Airplane
1548,Airplane
1549,Airplane
1550,Airplane
1551,Airplane
1552,Airplane
1553,Airplane
1554,Airplane
1555,Airplane
1556,Airplane
1557,Airplane
1558,Airplane
1559,Airplane
1560,Airplane
1561,Airplane
1562,Airplane
1563,Airplane
1564,Airplane
1565,Airplane
1566,Airplane
1567,Airplane
1568,Airplane
1569,Airplane
1570,Airplane
1571,Airplane
1572,Airplane
1573,Airplane
1574,Airplane
1575,Airplane
1576,Airplane
1577,Airplane
1578,Airplane
1579,Airplane
1580,Airplane
1581,Airplane
1582,Airplane
1583,Airplane
1584,Airplane
1585,Airplane
1586,Airplane
1587,Airplane
1588,Airplane
1589,Airplane
1590,Airplane
1591,Airplane
1592,Airplane
1593,Airplane
1594,Airplane
1595,Airplane
1596,Airplane
1597,Airplane
1598,Airplane
1599,Airplane
1600,Airplane
1601,Airplane
1602,Airplane
1603,Airplane
1604,Airplane
1605,Airplane
1606,Airplane
1607,Airplane
1608,Airplane
1609,Airplane
1610,Airplane
1611,Airplane
1612,Airplane
1613,Airplane
1614,Airplane
1615,Airplane
1616,Airplane
1617,Airplane
1618,Airplane
1619,Airplane
1620,Airplane
1621,Airplane
1622,Airplane
1623,Airplane
1624,Airplane
1625,Airplane
1626,Airplane
1627,Airplane
1628,Airplane
1629,Airplane
1630,Airplane
1631,Airplane
1632,Airplane
1633,Airplane
1634,Airplane
1635,Airplane
1636,Airplane
1637,Airplane
1638,Airplane
1639,Airplane
1640,Airplane
1641,Airplane
1642,Airplane
1643,Airplane
1644,Airplane
1645,Airplane
1646,Airplane
1647,Airplane
1648,Airplane
1649,Airplane
1650,Airplane
1651,Airplane
1652,Airplane
1653,Airplane
1654,Airplane
1655,Airplane
1656,Airplane
1657,Airplane
1658,Airplane
1659,Airplane
1660,Airplane
1661,Airplane
1662,Airplane
1663,Airplane
1664,Airplane
1665,Airplane
1666,Airplane
1667,Airplane
1668,Airplane
1669,Airplane
1670,Airplane
1671,Airplane
1672,Airplane
1673,Airplane
1674,Airplane
1675,Airplane
1676,Airplane
1677,Airplane
1678,Airplane
1679,Airplane
1680,Airplane
1681,Airplane
1682,Airplane
1683,Airplane
1684,Airplane
1685,Airplane
1686,Airplane
1687,Airplane
1688,Airplane
1689,Airplane
1690,Airplane
1691,Airplane
1692,Airplane
1693,Airplane
1694,Airplane
1695,Airplane
1696,Airplane
1697,Airplane
1698,Airplane
1699,Airplane
1700,Airplane
1701,Airplane
1702,Airplane
1703,Airplane
1704,Airplane
1705,Airplane
1706,Airplane
1707,Airplane
1708,Airplane
1709,Airplane
1710,Airplane
1711,Airplane
1712,Airplane
1713,Airplane
1714,Airplane
1715,Airplane
1716,Airplane
1717,Airplane
1718,Airplane
1719,Airplane
1720,Airplane
1721,Airplane
1722,Airplane
1723,Airplane
1724,Airplane
1725,Airplane
1726,Airplane
1727,Airplane
1728,Airplane
1729,Airplane
1730,Airplane
1731,Airplane
1732,Airplane
1733,Airplane
1734,Airplane
1735,Airplane
1736,Airplane
1737,Airplane
1738,Airplane
1739,Airplane
1740,Airplane
1741,Airplane
1742,Airplane
1743,Airplane
1744,Airplane
1745,Airplane
1746,Airplane
1747,Airplane
1748,Airplane
1749,Airplane
1750,Airplane
1751,Airplane
1752,Airplane
1753,Airplane
1754,Airplane
1755,Airplane
1756,Airplane
1757,Airplane
1758,Airplane
1759,Airplane
1760,Airplane
1761,Airplane
1762,Airplane
1763,Airplane
1764,Airplane
1765,Airplane
1766,Airplane
1767,Airplane
1768,Airplane
1769,Airplane
1770,Airplane
1771,Airplane
1772,Airplane
1773,Airplane
1774,Airplane
1775,Airplane
1776,Airplane
1777,Airplane
1778,Airplane
1779,Airplane
1780,Airplane
1781,Airplane
1782,Airplane
1783,Airplane
1784,Airplane
1785,Airplane
1786,Airplane
1787,Airplane
1788,Airplane
1789,Airplane
1790,Airplane
1791,Airplane
1792,Airplane
1793,Airplane
1794,Airplane
1795,Airplane
1796,Airplane
1797,Airplane
1798,Airplane
1799,Airplane
1800,Airplane
1801,Airplane
1802,Airplane
1803,Airplane
1804,Airplane
1805,Airplane
1806,Airplane
1807,Airplane
1808,Airplane
1809,Airplane
1810,Airplane
1811,Airplane
1812,Airplane
1813,Airplane
1814,Airplane
1815,Airplane
1816,Airplane
1817,Airplane
1818,Airplane
1819,Airplane
1820,Airplane
1821,Airplane
1822,Airplane
1823,Airplane
1824,Airplane
1825,Airplane
1826,Airplane
1827,Airplane
1828,Airplane
1829,Airplane
1830,Airplane
1831,Airplane
1832,Airplane
1833,Airplane
1834,Airplane
1835,Airplane
1836,Airplane
1837,Airplane
1838,Airplane
1839,Airplane
1840,Airplane
1841,Airplane
1842,Airplane
1843,Airplane
1844,Airplane
1845,Airplane
1846,Airplane
1847,Airplane
1848,Airplane
1849,Airplane
1850,Airplane
1851,Airplane
1852,Airplane
1853,Airplane
1854,Airplane
1855,Airplane
1856,Airplane
1857,Airplane
1858,Airplane
1859,Airplane
1860,Airplane
1861,Airplane
1862,Airplane
1863,Airplane
1864,Airplane
1865,Airplane
1866,Airplane
1867,Airplane
1868,Airplane
1869,Airplane
1870,Airplane
1871,Airplane
1872,Airplane
1873,Airplane
1874,Airplane
1875,Airplane
1876,Airplane
1877,Airplane
1878,Airplane
1879,Airplane
1880,Airplane
1881,Airplane
1882,Airplane
1883,Airplane
1884,Airplane
1885,Airplane
1886,Airplane
1887,Airplane
1888,Airplane
1889,Airplane
1890,Airplane
1891,Airplane
1892,Airplane
1893,Airplane
1894,Airplane
1895,Airplane
1896,Airplane
1897,Airplane
1898,Airplane
1899,Airplane
1900,Airplane
1901,Airplane
1902,Airplane
1903,Airplane
1904,Airplane
1905,Airplane
1906,Airplane
1907,Airplane
1908,Airplane
1909,Airplane
1910,Airplane
1911,Airplane
1912,Airplane
1913,Airplane
1914,Airplane
1915,Airplane
1916,Airplane
1917,Airplane
1918,Airplane
1919,Airplane
1920,Airplane
1921,Airplane
1922,Airplane
1923,Airplane
1924,Airplane
1925,Airplane
1926,Airplane
1927,Airplane
1928,Airplane
1929,Airplane
1930,Airplane
1931,Airplane
1932,Airplane
1933,Airplane
1934,Airplane
1935,Airplane
1936,Airplane
1937,Airplane
1938,Airplane
1939,Airplane
1940,Airplane
1941,Airplane
1942,Airplane
1943,Airplane
1944,Airplane
1945,Airplane
1946,Airplane
1947,Airplane
1948,Airplane
1949,Airplane
1950,Airplane
1951,Airplane
1952,Airplane
1953,Airplane
1954,Airplane
1955,Airplane
1956,Airplane
1957,Airplane
1958,Airplane
1959,Airplane
1960,Airplane
1961,Airplane
1962,Airplane
1963,Airplane
1964,Airplane
1965,Airplane
1966,Airplane
1967,Airplane
1968,Airplane
1969,Airplane
1970,Airplane
1971,Airplane
1972,Airplane
1973,Airplane
1974,Airplane
1975,Airplane
1976,Airplane
1977,Airplane
1978,Airplane
1979,Airplane
1980,Airplane
1981,Airplane
1982,Airplane
1983,Airplane
1984,Airplane
1985,Airplane
1986,Airplane
1987,Airplane
1988,Airplane
1989,Airplane
1990,Airplane
1991,Airplane
1992,Airplane
1993,Airplane
1994,Airplane
1995,Airplane
1996,Airplane
1997,Airplane
1998,Airplane
1999,Airplane
2000,Airplane
2001,Airplane
2002,Airplane
2003,Airplane
2004,Airplane
2005,Airplane
2006,Airplane
2007,Airplane
2008,Airplane
2009,Airplane
2010,Airplane
2011,Airplane
2012,Airplane
2013,Airplane
2014,Airplane
2015,Airplane
2016,Airplane
2017,Airplane
2018,Airplane
2019,Airplane
2020,Airplane
2021,Airplane
2022,Airplane
2023,Airplane
2024,Airplane
2025,Airplane
2026,Airplane
2027,Airplane
2028,Airplane
2029,Airplane
2030,Airplane
2031,Airplane
2032,Airplane
2033,Airplane
2034,Airplane
2035,Airplane
2036,Airplane
2037,Airplane
2038,Airplane
2039,Airplane
2040,Airplane
2041,Airplane
2042,Airplane
2043,Airplane
2044,Airplane
2045,Airplane
2046,Airplane
2047,Airplane
2048,Airplane
2049,Airplane
2050,Airplane
2051,Airplane
2052,Airplane
2053,Airplane
2054,Airplane
2055,Airplane
2056,Airplane
2057,Airplane
2058,Airplane
2059,Airplane
2060,Airplane
2061,Airplane
2062,Airplane
2063,Airplane
2064,Airplane
2065,Airplane
2066,Airplane
2067,Airplane
2068,Airplane
2069,Airplane
2070,Airplane
2071,Airplane
2072,Airplane
2073,Airplane
2074,Airplane
2075,Airplane
2076,Airplane
2077,Airplane
2078,Airplane
2079,Airplane
2080,Airplane
2081,Airplane
2082,Airplane
2083,Airplane
2084,Airplane
2085,Airplane
2086,Airplane
2087,Airplane
2088,Airplane
2089,Airplane
2090,Airplane
2091,Airplane
2092,Airplane
2093,Airplane
2094,Airplane
2095,Airplane
2096,Airplane
2097,Airplane
2098,Airplane
2099,Airplane
2100,Airplane
2101,Airplane
2102,Airplane
2103,Airplane
2104,Airplane
2105,Airplane
2106,Airplane
2107,Airplane
2108,Airplane
2109,Airplane
2110,Airplane
2111,Airplane
2112,Airplane
2113,Airplane
2114,Airplane
2115,Airplane
2116,Airplane
2117,Airplane
2118,Airplane
2119,Airplane
2120,Airplane
2121,Airplane
2122,Airplane
2123,Airplane
2124,Airplane
2125,Airplane
2126,Airplane
2127,Airplane
2128,Airplane
2129,Airplane
2130,Airplane
2131,Airplane
2132,Airplane
2133,Airplane
2134,Airplane
2135,Airplane
2136,Airplane
2137,Airplane
2138,Airplane
2139,Airplane
2140,Airplane
2141,Airplane
2142,Airplane
2143,Airplane
2144,Airplane
2145,Airplane
2146,Airplane
2147,Airplane
2148,Airplane
2149,Airplane
2150,Airplane
2151,Airplane
2152,Airplane
2153,Airplane
2154,Airplane
2155,Airplane
2156,Airplane
2157,Airplane
2158,Airplane
2159,Airplane
2160,Airplane
2161,Airplane
2162,Airplane
2163,Airplane
2164,Airplane
2165,Airplane
2166,Airplane
2167,Airplane
2168,Airplane
2169,Airplane
2170,Airplane
2171,Airplane
2172,Airplane
2173,Airplane
2174,Airplane
2175,Airplane
2176,Airplane
2177,Airplane
2178,Airplane
2179,Airplane
2180,Airplane
2181,Airplane
2182,Airplane
2183,Airplane
2184,Airplane
2185,Airplane
2186,Airplane
2187,Airplane
2188,Airplane
2189,Airplane
2190,Airplane
2191,Airplane
2192,Airplane
2193,Airplane
2194,Airplane
2195,Airplane
2196,Airplane
2197,Airplane
2198,Airplane
2199,Airplane
2200,Airplane
2201,Airplane
2202,Airplane
2203,Airplane
2204,Airplane
2205,Airplane
2206,Airplane
2207,Airplane
2208,Airplane
2209,Airplane
2210,Airplane
2211,Airplane
2212,Airplane
2213,Airplane
2214,Airplane
2215,Airplane
2216,Airplane
2217,Airplane
2218,Airplane
2219,Airplane
2220,Airplane
2221,Airplane
2222,Airplane
2223,Airplane
2224,Airplane
2225,Airplane
2226,Airplane
2227,Airplane
2228,Airplane
2229,Airplane
2230,Airplane
2231,Airplane
2232,Airplane
2233,Airplane
2234,Airplane
2235,Airplane
2236,Airplane
2237,Airplane
2238,Airplane
2239,Airplane
2240,Airplane
2241,Airplane
2242,Airplane
2243,Airplane
2244,Airplane
2245,Airplane
2246,Airplane
2247,Airplane
2248,Airplane
2249,Airplane
2250,Airplane
2251,Airplane
2252,Airplane
2253,Airplane
2254,Airplane
2255,Airplane
2256,Airplane
2257,Airplane
2258,Airplane
2259,Airplane
2260,Airplane
2261,Airplane
2262,Airplane
2263,Airplane
2264,Airplane
2265,Airplane
2266,Airplane
2267,Airplane
2268,Airplane
2269,Airplane
2270,Airplane
2271,Airplane
2272,Airplane
2273,Airplane
2274,Airplane
2275,Airplane
2276,Airplane
2277,Airplane
2278,Airplane
2279,Airplane
2280,Airplane
2281,Airplane
2282,Airplane
2283,Airplane
2284,Airplane
2285,Airplane
2286,Airplane
2287,Airplane
2288,Airplane
2289,Airplane
2290,Airplane
2291,Airplane
2292,Airplane
2293,Airplane
2294,Airplane
2295,Airplane
2296,Airplane
2297,Airplane
2298,Airplane
2299,Airplane
2300,Airplane
2301,Airplane
2302,Airplane
2303,Airplane
2304,Airplane
2305,Airplane
2306,Airplane
2307,Airplane
2308,Airplane
2309,Airplane
2310,Airplane
2311,Airplane
2312,Airplane
2313,Airplane
2314,Airplane
2315,Airplane
2316,Airplane
2317,Airplane
2318,Airplane
2319,Airplane
2320,Airplane
2321,Airplane
2322,Airplane
2323,Airplane
2324,Airplane
2325,Airplane
2326,Airplane
2327,Airplane
2328,Airplane
2329,Airplane
2330,Airplane
2331,Airplane
2332,Airplane
2333,Airplane
2334,Airplane
2335,Airplane
2336,Airplane
2337,Airplane
2338,Airplane
2339,Airplane
2340,Airplane
2341,Airplane
2342,Airplane
2343,Airplane
2344,Airplane
2345,Airplane
2346,Airplane
2347,Airplane
2348,Airplane
2349,Airplane
2350,Airplane
2351,Airplane
2352,Airplane
2353,Airplane
2354,Airplane
2355,Airplane
2356,Airplane
2357,Airplane
2358,Airplane
2359,Airplane
2360,Airplane
2361,Airplane
2362,Airplane
2363,Airplane
2364,Airplane
2365,Airplane
2366,Airplane
2367,Airplane
2368,Airplane
2369,Airplane
2370,Airplane
2371,Airplane
2372,Airplane
2373,Airplane
2374,Airplane
2375,Airplane
2376,Airplane
2377,Airplane
2378,Airplane
2379,Airplane
2380,Airplane
2381,Airplane
2382,Airplane
2383,Airplane
2384,Airplane
2385,Airplane
2386,Airplane
2387,Airplane
2388,Airplane
2389,Airplane
2390,Airplane
2391,Airplane
2392,Airplane
2393,Airplane
2394,Airplane
2395,Airplane
2396,Airplane
2397,Airplane
2398,Airplane
2399,Airplane
2400,Airplane
2401,Airplane
2402,Airplane
2403,Airplane
2404,Airplane
2405,Airplane
2406,Airplane
2407,Airplane
2408,Airplane
2409,Airplane
2410,Airplane
2411,Airplane
2412,Airplane
2413,Airplane
2414,Airplane
2415,Airplane
2416,Airplane
2417,Airplane
2418,Airplane
2419,Airplane
2420,Airplane
2421,Airplane
2422,Airplane
2423,Airplane
2424,Airplane
2425,Airplane
2426,Airplane
2427,Airplane
2428,Airplane
2429,Airplane
2430,Airplane
2431,Airplane
2432,Airplane
2433,Airplane
2434,Airplane
2435,Airplane
2436,Airplane
2437,Airplane
2438,Airplane
2439,Airplane
2440,Airplane
2441,Airplane
2442,Airplane
2443,Airplane
2444,Airplane
2445,Airplane
2446,Airplane
2447,Airplane
2448,Airplane
2449,Airplane
2450,Airplane
2451,Airplane
2452,Airplane
2453,Airplane
2454,Airplane
2455,Airplane
2456,Airplane
2457,Airplane
2458,Airplane
2459,Airplane
2460,Airplane
2461,Airplane
2462,Airplane
2463,Airplane
2464,Airplane
2465,Airplane
2466,Airplane
2467,Airplane
2468,Airplane
2469,Airplane
2470,Airplane
2471,Airplane
2472,Airplane
2473,Airplane
2474,Airplane
2475,Airplane
2476,Airplane
2477,Airplane
2478,Airplane
2479,Airplane
2480,Airplane
2481,Airplane
2482,Airplane
2483,Airplane
2484,Airplane
2485,Airplane
2486,Airplane
2487,Airplane
2488,Airplane
2489,Airplane
2490,Airplane
2491,Airplane
2492,Airplane
2493,Airplane
2494,Airplane
2495,Airplane
2496,Airplane
2497,Airplane
2498,Airplane
2499,Airplane
2500,Airplane
2501,Airplane
2502,Airplane
2503,Airplane
2504,Airplane
2505,Airplane
2506,Airplane
2507,Airplane
2508,Airplane
2509,Airplane
2510,Airplane
2511,Airplane
2512,Airplane
2513,Airplane
2514,Airplane
2515,Airplane
2516,Airplane
2517,Airplane
2518,Airplane
2519,Airplane
2520,Airplane
2521,Airplane
2522,Airplane
2523,Airplane
2524,Airplane
2525,Airplane
2526,Airplane
2527,Airplane
2528,Airplane
2529,Airplane
2530,Airplane
2531,Airplane
2532,Airplane
2533,Airplane
2534,Airplane
2535,Airplane
2536,Airplane
2537,Airplane
2538,Airplane
2539,Airplane
2540,Airplane
2541,Airplane
2542,Airplane
2543,Airplane
2544,Airplane
2545,Airplane
2546,Airplane
2547,Airplane
2548,Airplane
2549,Airplane
2550,Airplane
2551,Airplane
2552,Airplane
2553,Airplane
2554,Airplane
2555,Airplane
2556,Airplane
2557,Airplane
2558,Airplane
2559,Airplane
2560,Airplane
2561,Airplane
2562,Airplane
2563,Airplane
2564,Airplane
2565,Airplane
2566,Airplane
2567,Airplane
2568,Airplane
2569,Airplane
2570,Airplane
2571,Airplane
2572,Airplane
2573,Airplane
2574,Airplane
2575,Airplane
2576,Airplane
2577,Airplane
2578,Airplane
2579,Airplane
2580,Airplane
2581,Airplane
2582,Airplane
2583,Airplane
2584,Airplane
2585,Airplane
2586,Airplane
2587,Airplane
2588,Airplane
2589,Airplane
2590,Airplane
2591,Airplane
2592,Airplane
2593,Airplane
2594,Airplane
2595,Airplane
2596,Airplane
2597,Airplane
2598,Airplane
2599,Airplane
2600,Airplane
2601,Airplane
2602,Airplane
2603,Airplane
2604,Airplane
2605,Airplane
2606,Airplane
2607,Airplane
2608,Airplane
2609,Airplane
2610,Airplane
2611,Airplane
2612,Airplane
2613,Airplane
2614,Airplane
2615,Airplane
2616,Airplane
2617,Airplane
2618,Airplane
2619,Airplane
2620,Airplane
2621,Airplane
2622,Airplane
2623,Airplane
2624,Airplane
2625,Airplane
2626,Airplane
2627,Airplane
2628,Airplane
2629,Airplane
2630,Airplane
2631,Airplane
2632,Airplane
2633,Airplane
2634,Airplane
2635,Airplane
2636,Airplane
2637,Airplane
2638,Airplane
2639,Airplane
2640,Airplane
2641,Airplane
2642,Airplane
2643,Airplane
2644,Airplane
2645,Airplane
2646,Airplane
2647,Airplane
2648,Airplane
2649,Airplane
2650,Airplane
2651,Airplane
2652,Airplane
2653,Airplane
2654,Airplane
2655,Airplane
2656,Airplane
2657,Airplane
2658,Airplane
2659,Airplane
2660,Airplane
2661,Airplane
2662,Airplane
2663,Airplane
2664,Airplane
2665,Airplane
2666,Airplane
2667,Airplane
2668,Airplane
2669,Airplane
2670,Airplane
2671,Airplane
2672,Airplane
2673,Airplane
2674,Airplane
2675,Airplane
2676,Airplane
2677,Airplane
2678,Airplane
2679,Airplane
2680,Airplane
2681,Airplane
2682,Airplane
2683,Airplane
2684,Airplane
2685,Airplane
2686,Airplane
2687,Airplane
2688,Airplane
2689,Airplane
2690,Airplane
2691,Airplane
2692,Airplane
2693,Airplane
2694,Airplane
2695,Airplane
2696,Airplane
2697,Airplane
2698,Airplane
2699,Airplane
2700,Airplane
2701,Airplane
2702,Airplane
2703,Airplane
2704,Airplane
2705,Airplane
2706,Airplane
2707,Airplane
2708,Airplane
2709,Airplane
2710,Airplane
2711,Airplane
2712,Airplane
2713,Airplane
2714,Airplane
2715,Airplane
2716,Airplane
2717,Airplane
2718,Airplane
2719,Airplane
2720,Airplane
2721,Airplane
2722,Airplane
2723,Airplane
2724,Airplane
2725,Airplane
2726,Airplane
2727,Airplane
2728,Airplane
2729,Airplane
2730,Airplane
2731,Airplane
2732,Airplane
2733,Airplane
2734,Airplane
2735,Airplane
2736,Airplane
2737,Airplane
2738,Airplane
2739,Airplane
2740,Airplane
2741,Airplane
2742,Airplane
2743,Airplane
2744,Airplane
2745,Airplane
2746,Airplane
2747,Airplane
2748,Airplane
2749,Airplane
2750,Airplane
2751,Airplane
2752,Airplane
2753,Airplane
2754,Airplane
2755,Airplane
2756,Airplane
2757,Airplane
2758,Airplane
2759,Airplane
2760,Airplane
2761,Airplane
2762,Airplane
2763,Airplane
2764,Airplane
2765,Airplane
2766,Airplane
2767,Airplane
2768,Airplane
2769,Airplane
2770,Airplane
2771,Airplane
2772,Airplane
2773,Airplane
2774,Airplane
2775,Airplane
2776,Airplane
2777,Airplane
2778,Airplane
2779,Airplane
2780,Airplane
2781,Airplane
2782,Airplane
2783,Airplane
2784,Airplane
2785,Airplane
2786,Airplane
2787,Airplane
2788,Airplane
2789,Airplane
2790,Airplane
2791,Airplane
2792,Airplane
2793,Airplane
2794,Airplane
2795,Airplane
2796,Airplane
2797,Airplane
2798,Airplane
2799,Airplane
2800,Airplane
2801,Airplane
2802,Airplane
2803,Airplane
2804,Airplane
2805,Airplane
2806,Airplane
2807,Airplane
2808,Airplane
2809,Airplane
2810,Airplane
2811,Airplane
2812,Airplane
2813,Airplane
2814,Airplane
2815,Airplane
2816,Airplane
2817,Airplane
2818,Airplane
2819,Airplane
2820,Airplane
2821,Airplane
2822,Airplane
2823,Airplane
2824,Airplane
2825,Airplane
2826,Airplane
2827,Airplane
2828,Airplane
2829,Airplane
2830,Airplane
2831,Airplane
2832,Airplane
2833,Airplane
2834,Airplane
2835,Airplane
2836,Airplane
2837,Airplane
2838,Airplane
2839,Airplane
2840,Airplane
2841,Airplane
2842,Airplane
2843,Airplane
2844,Airplane
2845,Airplane
2846,Airplane
2847,Airplane
2848,Airplane
2849,Airplane
2850,Airplane
2851,Airplane
2852,Airplane
2853,Airplane
2854,Airplane
2855,Airplane
2856,Airplane
2857,Airplane
2858,Airplane
2859,Airplane
2860,Airplane
2861,Airplane
2862,Airplane
2863,Airplane
2864,Airplane
2865,Airplane
2866,Airplane
2867,Airplane
2868,Airplane
2869,Airplane
2870,Airplane
2871,Airplane
2872,Airplane
2873,Airplane
2874,Airplane
2875,Airplane
2876,Airplane
2877,Airplane
2878,Airplane
2879,Airplane
2880,Airplane
2881,Airplane
2882,Airplane
2883,Airplane
2884,Airplane
2885,Airplane
2886,Airplane
2887,Airplane
2888,Airplane
2889,Airplane
2890,Airplane
2891,Airplane
2892,Airplane
2893,Airplane
2894,Airplane
2895,Airplane
2896,Airplane
2897,Airplane
2898,Airplane
2899,Airplane
2900,Airplane
2901,Airplane
2902,Airplane
2903,Airplane
2904,Airplane
2905,Airplane
2906,Airplane
2907,Airplane
2908,Airplane
2909,Airplane
2910,Airplane
2911,Airplane
2912,Airplane
2913,Airplane
2914,Airplane
2915,Airplane
2916,Airplane
2917,Airplane
2918,Airplane
2919,Airplane
2920,Airplane
2921,Airplane
2922,Airplane
2923,Airplane
2924,Airplane
2925,Airplane
2926,Airplane
2927,Airplane
2928,Airplane
2929,Airplane
2930,Airplane
2931,Airplane
2932,Airplane
2933,Airplane
2934,Airplane
2935,Airplane
2936,Airplane
2937,Airplane
2938,Airplane
2939,Airplane
2940,Airplane
2941,Airplane
2942,Airplane
2943,Airplane
2944,Airplane
2945,Airplane
2946,Airplane
2947,Airplane
2948,Airplane
2949,Airplane
2950,Airplane
2951,Airplane
2952,Airplane
2953,Airplane
2954,Airplane
2955,Airplane
2956,Airplane
2957,Airplane
2958,Airplane
2959,Airplane
2960,Airplane
2961,Airplane
2962,Airplane
2963,Airplane
2964,Airplane
2965,Airplane
2966,Airplane
2967,Airplane
2968,Airplane
2969,Airplane
2970,Airplane
2971,Airplane
2972,Airplane
2973,Airplane
2974,Airplane
2975,Airplane
2976,Airplane
2977,Airplane
2978,Airplane
2979,Airplane
2980,Airplane
2981,Airplane
2982,Airplane
2983,Airplane
2984,Airplane
2985,Airplane
2986,Airplane
2987,Airplane
2988,Airplane
2989,Airplane
2990,Airplane
2991,Airplane
2992,Airplane
2993,Airplane
2994,Airplane
2995,Airplane
2996,Airplane
2997,Airplane
2998,Airplane
2999,Airplane
3000,Airplane
3001,Airplane
3002,Airplane
3003,Airplane
3004,Airplane
3005,Airplane
3006,Airplane
3007,Airplane
3008,Airplane
3009,Airplane
3010,Airplane
3011,Airplane
3012,Airplane
3013,Airplane
3014,Airplane
3015,Airplane
3016,Airplane
3017,Airplane
3018,Airplane
3019,Airplane
3020,Airplane
3021,Airplane
3022,Airplane
3023,Airplane
3024,Airplane
3025,Airplane
3026,Airplane
3027,Airplane
3028,Airplane
3029,Airplane
3030,Airplane
3031,Airplane
3032,Airplane
3033,Airplane
3034,Airplane
3035,Airplane
3036,Airplane
3037,Airplane
3038,Airplane
3039,Airplane
3040,Airplane
3041,Airplane
3042,Airplane
3043,Airplane
3044,Airplane
3045,Airplane
3046,Airplane
3047,Airplane
3048,Airplane
3049,Airplane
3050,Airplane
3051,Airplane
3052,Airplane
3053,Airplane
3054,Airplane
3055,Airplane
3056,Airplane
3057,Airplane
3058,Airplane
3059,Airplane
3060,Airplane
3061,Airplane
3062,Airplane
3063,Airplane
3064,Airplane
3065,Airplane
3066,Airplane
3067,Airplane
3068,Airplane
3069,Airplane
3070,Airplane
3071,Airplane
3072,Airplane
3073,Airplane
3074,Airplane
3075,Airplane
3076,Airplane
3077,Airplane
3078,Airplane
3079,Airplane
3080,Airplane
3081,Airplane
3082,Airplane
3083,Airplane
3084,Airplane
3085,Airplane
3086,Airplane
3087,Airplane
3088,Airplane
3089,Airplane
3090,Airplane
3091,Airplane
3092,Airplane
3093,Airplane
3094,Airplane
3095,Airplane
3096,Airplane
3097,Airplane
3098,Airplane
3099,Airplane
3100,Airplane
3101,Airplane
3102,Airplane
3103,Airplane
3104,Airplane
3105,Airplane
3106,Airplane
3107,Airplane
3108,Airplane
3109,Airplane
3110,Airplane
3111,Airplane
3112,Airplane
3113,Airplane
3114,Airplane
3115,Airplane
3116,Airplane
3117,Airplane
3118,Airplane
3119,Airplane
3120,Airplane
3121,Airplane
3122,Airplane
3123,Airplane
3124,Airplane
3125,Airplane
3126,Airplane
3127,Airplane
3128,Airplane
3129,Airplane
3130,Airplane
3131,Airplane
3132,Airplane
3133,Airplane
3134,Airplane
3135,Airplane
3136,Airplane
3137,Airplane
3138,Airplane
3139,Airplane
3140,Airplane
3141,Airplane
3142,Airplane
3143,Airplane
3144,Airplane
3145,Airplane
3146,Airplane
3147,Airplane
3148,Airplane
3149,Airplane
3150,Airplane
3151,Airplane
3152,Airplane
3153,Airplane
3154,Airplane
3155,Airplane
3156,Airplane
3157,Airplane
3158,Airplane
3159,Airplane
3160,Airplane
3161,Airplane
3162,Airplane
3163,Airplane
3164,Airplane
3165,Airplane
3166,Airplane
3167,Airplane
3168,Airplane
3169,Airplane
3170,Airplane
3171,Airplane
3172,Airplane
3173,Airplane
3174,Airplane
3175,Airplane
3176,Airplane
3177,Airplane
3178,Airplane
3179,Airplane
3180,Airplane
3181,Airplane
3182,Airplane
3183,Airplane
3184,Airplane
3185,Airplane
3186,Airplane
3187,Airplane
3188,Airplane
3189,Airplane
3190,Airplane
3191,Airplane
3192,Airplane
3193,Airplane
3194,Airplane
3195,Airplane
3196,Airplane
3197,Airplane
3198,Airplane
3199,Airplane
3200,Airplane
3201,Airplane
3202,Airplane
3203,Airplane
3204,Airplane
3205,Airplane
3206,Airplane
3207,Airplane
3208,Airplane
3209,Airplane
3210,Airplane
3211,Airplane
3212,Airplane
3213,Airplane
3214,Airplane
3215,Airplane
3216,Airplane
3217,Airplane
3218,Airplane
3219,Airplane
3220,Airplane
3221,Airplane
3222,Airplane
3223,Airplane
3224,Airplane
3225,Airplane
3226,Airplane
3227,Airplane
3228,Airplane
3229,Airplane
3230,Airplane
3231,Airplane
3232,Airplane
3233,Airplane
3234,Airplane
3235,Airplane
3236,Airplane
3237,Airplane
3238,Airplane
3239,Airplane
3240,Airplane
3241,Airplane
3242,Airplane
3243,Airplane
3244,Airplane
3245,Airplane
3246,Airplane
3247,Airplane
3248,Airplane
3249,Airplane
3250,Airplane
3251,Airplane
3252,Airplane
3253,Airplane
3254,Airplane
3255,Airplane
3256,Airplane
3257,Airplane
3258,Airplane
3259,Airplane
3260,Airplane
3261,Airplane
3262,Airplane
3263,Airplane
3264,Airplane
3265,Airplane
3266,Airplane
3267,Airplane
3268,Airplane
3269,Airplane
3270,Airplane
3271,Airplane
3272,Airplane
3273,Airplane
3274,Airplane
3275,Airplane
3276,Airplane
3277,Airplane
3278,Airplane
3279,Airplane
3280,Airplane
3281,Airplane
3282,Airplane
3283,Airplane
3284,Airplane
3285,Airplane
3286,Airplane
3287,Airplane
3288,Airplane
3289,Airplane
3290,Airplane
3291,Airplane
3292,Airplane
3293,Airplane
3294,Airplane
3295,Airplane
3296,Airplane
3297,Airplane
3298,Airplane
3299,Airplane
3300,Airplane
3301,Airplane
3302,Airplane
3303,Airplane
3304,Airplane
3305,Airplane
3306,Airplane
3307,Airplane
3308,Airplane
3309,Airplane
3310,Airplane
3311,Airplane
3312,Airplane
3313,Airplane
3314,Airplane
3315,Airplane
3316,Airplane
3317,Airplane
3318,Airplane
3319,Airplane
3320,Airplane
3321,Airplane
3322,Airplane
3323,Airplane
3324,Airplane
3325,Airplane
3326,Airplane
3327,Airplane
3328,Airplane
3329,Airplane
3330,Airplane
3331,Airplane
3332,Airplane
3333,Airplane
3334,Airplane
3335,Airplane
3336,Airplane
3337,Airplane
3338,Airplane
3339,Airplane
3340,Airplane
3341,Airplane
3342,Airplane
3343,Airplane
3344,Airplane
3345,Airplane
3346,Airplane
3347,Airplane
3348,Airplane
3349,Airplane
3350,Airplane
3351,Airplane
3352,Airplane
3353,Airplane
3354,Airplane
3355,Airplane
3356,Airplane
3357,Airplane
3358,Airplane
3359,Airplane
3360,Airplane
3361,Airplane
3362,Airplane
3363,Airplane
3364,Airplane
3365,Airplane
3366,Airplane
3367,Airplane
3368,Airplane
3369,Airplane
3370,Airplane
3371,Airplane
3372,Airplane
3373,Airplane
3374,Airplane
3375,Airplane
3376,Airplane
3377,Airplane
3378,Airplane
3379,Airplane
3380,Airplane
3381,Airplane
3382,Airplane
3383,Airplane
3384,Airplane
3385,Airplane
3386,Airplane
3387,Airplane
3388,Airplane
3389,Airplane
3390,Airplane
3391,Airplane
3392,Airplane
3393,Airplane
3394,Airplane
3395,Airplane
3396,Airplane
3397,Airplane
3398,Airplane
3399,Airplane
3400,Airplane
3401,Airplane
3402,Airplane
3403,Airplane
3404,Airplane
3405,Airplane
3406,Airplane
3407,Airplane
3408,Airplane
3409,Airplane
3410,Airplane
3411,Airplane
3412,Airplane
3413,Airplane
3414,Airplane
3415,Airplane
3416,Airplane
3417,Airplane
3418,Airplane
3419,Airplane
3420,Airplane
3421,Airplane
3422,Airplane
3423,Airplane
3424,Airplane
3425,Airplane
3426,Airplane
3427,Airplane
3428,Airplane
3429,Airplane
3430,Airplane
3431,Airplane
3432,Airplane
3433,Airplane
3434,Airplane
3435,Airplane
3436,Airplane
3437,Airplane
3438,Airplane
3439,Airplane
3440,Airplane
3441,Airplane
3442,Airplane
3443,Airplane
3444,Airplane
3445,Airplane
3446,Airplane
3447,Airplane
3448,Airplane
3449,Airplane
3450,Airplane
3451,Airplane
3452,Airplane
3453,Airplane
3454,Airplane
3455,Airplane
3456,Airplane
3457,Airplane
3458,Airplane
3459,Airplane
3460,Airplane
3461,Airplane
3462,Airplane
3463,Airplane
3464,Airplane
3465,Airplane
3466,Airplane
3467,Airplane
3468,Airplane
3469,Airplane
3470,Airplane
3471,Airplane
3472,Airplane
3473,Airplane
3474,Airplane
3475,Airplane
3476,Airplane
3477,Airplane
3478,Airplane
3479,Airplane
3480,Airplane
3481,Airplane
3482,Airplane
3483,Airplane
3484,Airplane
3485,Airplane
3486,Airplane
3487,Airplane
3488,Airplane
3489,Airplane
3490,Airplane
3491,Airplane
3492,Airplane
3493,Airplane
3494,Airplane
3495,Airplane
3496,Airplane
3497,Airplane
3498,Airplane
3499,Airplane
3500,Airplane
3501,Airplane
3502,Airplane
3503,Airplane
3504,Airplane
3505,Airplane
3506,Airplane
3507,Airplane
3508,Airplane
3509,Airplane
3510,Airplane
3511,Airplane
3512,Airplane
3513,Airplane
3514,Airplane
3515,Airplane
3516,Airplane
3517,Airplane
3518,Airplane
3519,Airplane
3520,Airplane
3521,Airplane
3522,Airplane
3523,Airplane
3524,Airplane
3525,Airplane
3526,Airplane
3527,Airplane
3528,Airplane
3529,Airplane
3530,Airplane
3531,Airplane
3532,Airplane
3533,Airplane
3534,Airplane
3535,Airplane
3536,Airplane
3537,Airplane
3538,Airplane
3539,Airplane
3540,Airplane
3541,Airplane
3542,Airplane
3543,Airplane
3544,Airplane
3545,Airplane
3546,Airplane
3547,Airplane
3548,Airplane
3549,Airplane
3550,Airplane
3551,Airplane
3552,Airplane
3553,Airplane
3554,Airplane
3555,Airplane
3556,Airplane
3557,Airplane
3558,Airplane
3559,Airplane
3560,Airplane
3561,Airplane
3562,Airplane
3563,Airplane
3564,Airplane
3565,Airplane
3566,Airplane
3567,Airplane
3568,Airplane
3569,Airplane
3570,Airplane
3571,Airplane
3572,Airplane
3573,Airplane
3574,Airplane
3575,Airplane
3576,Airplane
3577,Airplane
3578,Airplane
3579,Airplane
3580,Airplane
3581,Airplane
3582,Airplane
3583,Airplane
3584,Airplane
3585,Airplane
3586,Airplane
3587,Airplane
3588,Airplane
3589,Airplane
3590,Airplane
3591,Airplane
3592,Airplane
3593,Airplane
3594,Airplane
3595,Airplane
3596,Airplane
3597,Airplane
3598,Airplane
3599,Airplane
3600,Airplane
3601,Airplane
3602,Airplane
3603,Airplane
3604,Airplane
3605,Airplane
3606,Airplane
3607,Airplane
3608,Airplane
3609,Airplane
3610,Airplane
3611,Airplane
3612,Airplane
3613,Airplane
3614,Airplane
3615,Airplane
3616,Airplane
3617,Airplane
3618,Airplane
3619,Airplane
3620,Airplane
3621,Airplane
3622,Airplane
3623,Airplane
3624,Airplane
3625,Airplane
3626,Airplane
3627,Airplane
3628,Airplane
3629,Airplane
3630,Airplane
3631,Airplane
3632,Airplane
3633,Airplane
3634,Airplane
3635,Airplane
3636,Airplane
3637,Airplane
3638,Airplane
3639,Airplane
3640,Airplane
3641,Airplane
3642,Airplane
3643,Airplane
3644,Airplane
3645,Airplane
3646,Airplane
3647,Airplane
3648,Airplane
3649,Airplane
3650,Airplane
3651,Airplane
3652,Airplane
3653,Airplane
3654,Airplane
3655,Airplane
3656,Airplane
3657,Airplane
3658,Airplane
3659,Airplane
3660,Airplane
3661,Airplane
3662,Airplane
3663,Airplane
3664,Airplane
3665,Airplane
3666,Airplane
3667,Airplane
3668,Airplane
3669,Airplane
3670,Airplane
3671,Airplane
3672,Airplane
3673,Airplane
3674,Airplane
3675,Airplane
3676,Airplane
3677,Airplane
3678,Airplane
3679,Airplane
3680,Airplane
3681,Airplane
3682,Airplane
3683,Airplane
3684,Airplane
3685,Airplane
3686,Airplane
3687,Airplane
3688,Airplane
3689,Airplane
3690,Airplane
3691,Airplane
3692,Airplane
3693,Airplane
3694,Airplane
3695,Airplane
3696,Airplane
3697,Airplane
3698,Airplane
3699,Airplane
3700,Airplane
3701,Airplane
3702,Airplane
3703,Airplane
3704,Airplane
3705,Airplane
3706,Airplane
3707,Airplane
3708,Airplane
3709,Airplane
3710,Airplane
3711,Airplane
3712,Airplane
3713,Airplane
3714,Airplane
3715,Airplane
3716,Airplane
3717,Airplane
3718,Airplane
3719,Airplane
3720,Airplane
3721,Airplane
3722,Airplane
3723,Airplane
3724,Airplane
3725,Airplane
3726,Airplane
3727,Airplane
3728,Airplane
3729,Airplane
3730,Airplane
3731,Airplane
3732,Airplane
3733,Airplane
3734,Airplane
3735,Airplane
3736,Airplane
3737,Airplane
3738,Airplane
3739,Airplane
3740,Airplane
3741,Airplane
3742,Airplane
3743,Airplane
3744,Airplane
3745,Airplane
3746,Airplane
3747,Airplane
3748,Airplane
3749,Airplane
3750,Airplane
3751,Airplane
3752,Airplane
3753,Airplane
3754,Airplane
3755,Airplane
3756,Airplane
3757,Airplane
3758,Airplane
3759,Airplane
3760,Airplane
3761,Airplane
3762,Airplane
3763,Airplane
3764,Airplane
3765,Airplane
3766,Airplane
3767,Airplane
3768,Airplane
3769,Airplane
3770,Airplane
3771,Airplane
3772,Airplane
3773,Airplane
3774,Airplane
3775,Airplane
3776,Airplane
3777,Airplane
3778,Airplane
3779,Airplane
3780,Airplane
3781,Airplane
3782,Airplane
3783,Airplane
3784,Airplane
3785,Airplane
3786,Airplane
3787,Airplane
3788,Airplane
3789,Airplane
3790,Airplane
3791,Airplane
3792,Airplane
3793,Airplane
3794,Airplane
3795,Airplane
3796,Airplane
3797,Airplane
3798,Airplane
3799,Airplane
3800,Airplane
3801,Airplane
3802,Airplane
3803,Airplane
3804,Airplane
3805,Airplane
3806,Airplane
3807,Airplane
3808,Airplane
3809,Airplane
3810,Airplane
3811,Airplane
3812,Airplane
3813,Airplane
3814,Airplane
3815,Airplane
3816,Airplane
3817,Airplane
3818,Airplane
3819,Airplane
3820,Airplane
3821,Airplane
3822,Airplane
3823,Airplane
3824,Airplane
3825,Airplane
3826,Airplane
3827,Airplane
3828,Airplane
3829,Airplane
3830,Airplane
3831,Airplane
3832,Airplane
3833,Airplane
3834,Airplane
3835,Airplane
3836,Airplane
3837,Airplane
3838,Airplane
3839,Airplane
3840,Airplane
3841,Airplane
3842,Airplane
3843,Airplane
3844,Airplane
3845,Airplane
3846,Airplane
3847,Airplane
3848,Airplane
3849,Airplane
3850,Airplane
3851,Airplane
3852,Airplane
3853,Airplane
3854,Airplane
3855,Airplane
3856,Airplane
3857,Airplane
3858,Airplane
3859,Airplane
3860,Airplane
3861,Airplane
3862,Airplane
3863,Airplane
3864,Airplane
3865,Airplane
3866,Airplane
3867,Airplane
3868,Airplane
3869,Airplane
3870,Airplane
3871,Airplane
3872,Airplane
3873,Airplane
3874,Airplane
3875,Airplane
3876,Airplane
3877,Airplane
3878,Airplane
3879,Airplane
3880,Airplane
3881,Airplane
3882,Airplane
3883,Airplane
3884,Airplane
3885,Airplane
3886,Airplane
3887,Airplane
3888,Airplane
3889,Airplane
3890,Airplane
3891,Airplane
3892,Airplane
3893,Airplane
3894,Airplane
3895,Airplane
3896,Airplane
3897,Airplane
3898,Airplane
3899,Airplane
3900,Airplane
3901,Airplane
3902,Airplane
3903,Airplane
3904,Airplane
3905,Airplane
3906,Airplane
3907,Airplane
3908,Airplane
3909,Airplane
3910,Airplane
3911,Airplane
3912,Airplane
3913,Airplane
3914,Airplane
3915,Airplane
3916,Airplane
3917,Airplane
3918,Airplane
3919,Airplane
3920,Airplane
3921,Airplane
3922,Airplane
3923,Airplane
3924,Airplane
3925,Airplane
3926,Airplane
3927,Airplane
3928,Airplane
3929,Airplane
3930,Airplane
3931,Airplane
3932,Airplane
3933,Airplane
3934,Airplane
3935,Airplane
3936,Airplane
3937,Airplane
3938,Airplane
3939,Airplane
3940,Airplane
3941,Airplane
3942,Airplane
3943,Airplane
3944,Airplane
3945,Airplane
3946,Airplane
3947,Airplane
3948,Airplane
3949,Airplane
3950,Airplane
3951,Airplane
3952,Airplane
3953,Airplane
3954,Airplane
3955,Airplane
3956,Airplane
3957,Airplane
3958,Airplane
3959,Airplane
3960,Airplane
3961,Airplane
3962,Airplane
3963,Airplane
3964,Airplane
3965,Airplane
3966,Airplane
3967,Airplane
3968,Airplane
3969,Airplane
3970,Airplane
3971,Airplane
3972,Airplane
3973,Airplane
3974,Airplane
3975,Airplane
3976,Airplane
3977,Airplane
3978,Airplane
3979,Airplane
3980,Airplane
3981,Airplane
3982,Airplane
3983,Airplane
3984,Airplane
3985,Airplane
3986,Airplane
3987,Airplane
3988,Airplane
3989,Airplane
3990,Airplane
3991,Airplane
3992,Airplane
3993,Airplane
3994,Airplane
3995,Airplane
3996,Airplane
3997,Airplane
3998,Airplane
3999,Airplane
4000,Airplane
4001,Airplane
4002,Airplane
4003,Airplane
4004,Airplane
4005,Airplane
4006,Airplane
4007,Airplane
4008,Airplane
4009,Airplane
4010,Airplane
4011,Airplane
4012,Airplane
4013,Airplane
4014,Airplane
4015,Airplane
4016,Airplane
4017,Airplane
4018,Airplane
4019,Airplane
4020,Airplane
4021,Airplane
4022,Airplane
4023,Airplane
4024,Airplane
4025,Airplane
4026,Airplane
4027,Airplane
4028,Airplane
4029,Airplane
4030,Airplane
4031,Airplane
4032,Airplane
4033,Airplane
4034,Airplane
4035,Airplane
4036,Airplane
4037,Airplane
4038,Airplane
4039,Airplane
4040,Airplane
4041,Airplane
4042,Airplane
4043,Airplane
4044,Airplane
4045,Airplane
4046,Airplane
4047,Airplane
4048,Airplane
4049,Airplane
4050,Airplane
4051,Airplane
4052,Airplane
4053,Airplane
4054,Airplane
4055,Airplane
4056,Airplane
4057,Airplane
4058,Airplane
4059,Airplane
4060,Airplane
4061,Airplane
4062,Airplane
4063,Airplane
4064,Airplane
4065,Airplane
4066,Airplane
4067,Airplane
4068,Airplane
4069,Airplane
4070,Airplane
4071,Airplane
4072,Airplane
4073,Airplane
4074,Airplane
4075,Airplane
4076,Airplane
4077,Airplane
4078,Airplane
4079,Airplane
4080,Airplane
4081,Airplane
4082,Airplane
4083,Airplane
4084,Airplane
4085,Airplane
4086,Airplane
4087,Airplane
4088,Airplane
4089,Airplane
4090,Airplane
4091,Airplane
4092,Airplane
4093,Airplane
4094,Airplane
4095,Airplane
4096,Airplane
4097,Airplane
4098,Airplane
4099,Airplane
4100,Airplane
4101,Airplane
4102,Airplane
4103,Airplane
4104,Airplane
4105,Airplane
4106,Airplane
4107,Airplane
4108,Airplane
4109,Airplane
4110,Airplane
4111,Airplane
4112,Airplane
4113,Airplane
4114,Airplane
4115,Airplane
4116,Airplane
4117,Airplane
4118,Airplane
4119,Airplane
4120,Airplane
4121,Airplane
4122,Airplane
4123,Airplane
4124,Airplane
4125,Airplane
4126,Airplane
4127,Airplane
4128,Airplane
4129,Airplane
4130,Airplane
4131,Airplane
4132,Airplane
4133,Airplane
4134,Airplane
4135,Airplane
4136,Airplane
4137,Airplane
4138,Airplane
4139,Airplane
4140,Airplane
4141,Airplane
4142,Airplane
4143,Airplane
4144,Airplane
4145,Airplane
4146,Airplane
4147,Airplane
4148,Airplane
4149,Airplane
4150,Airplane
4151,Airplane
4152,Airplane
4153,Airplane
4154,Airplane
4155,Airplane
4156,Airplane
4157,Airplane
4158,Airplane
4159,Airplane
4160,Airplane
4161,Airplane
4162,Airplane
4163,Airplane
4164,Airplane
4165,Airplane
4166,Airplane
4167,Airplane
4168,Airplane
4169,Airplane
4170,Airplane
4171,Airplane
4172,Airplane
4173,Airplane
4174,Airplane
4175,Airplane
4176,Airplane
4177,Airplane
4178,Airplane
4179,Airplane
4180,Airplane
4181,Airplane
4182,Airplane
4183,Airplane
4184,Airplane
4185,Airplane
4186,Airplane
4187,Airplane
4188,Airplane
4189,Airplane
4190,Airplane
4191,Airplane
4192,Airplane
4193,Airplane
4194,Airplane
4195,Airplane
4196,Airplane
4197,Airplane
4198,Airplane
4199,Airplane
4200,Airplane
4201,Airplane
4202,Airplane
4203,Airplane
4204,Airplane
4205,Airplane
4206,Airplane
4207,Airplane
4208,Airplane
4209,Airplane
4210,Airplane
4211,Airplane
4212,Airplane
4213,Airplane
4214,Airplane
4215,Airplane
4216,Airplane
4217,Airplane
4218,Airplane
4219,Airplane
4220,Airplane
4221,Airplane
4222,Airplane
4223,Airplane
4224,Airplane
4225,Airplane
4226,Airplane
4227,Airplane
4228,Airplane
4229,Airplane
4230,Airplane
4231,Airplane
4232,Airplane
4233,Airplane
4234,Airplane
4235,Airplane
4236,Airplane
4237,Airplane
4238,Airplane
4239,Airplane
4240,Airplane
4241,Airplane
4242,Airplane
4243,Airplane
4244,Airplane
4245,Airplane
4246,Airplane
4247,Airplane
4248,Airplane
4249,Airplane
4250,Airplane
4251,Airplane
4252,Airplane
4253,Airplane
4254,Airplane
4255,Airplane
4256,Airplane
4257,Airplane
4258,Airplane
4259,Airplane
4260,Airplane
4261,Airplane
4262,Airplane
4263,Airplane
4264,Airplane
4265,Airplane
4266,Airplane
4267,Airplane
4268,Airplane
4269,Airplane
4270,Airplane
4271,Airplane
4272,Airplane
4273,Airplane
4274,Airplane
4275,Airplane
4276,Airplane
4277,Airplane
4278,Airplane
4279,Airplane
4280,Airplane
4281,Airplane
4282,Airplane
4283,Airplane
4284,Airplane
4285,Airplane
4286,Airplane
4287,Airplane
4288,Airplane
4289,Airplane
4290,Airplane
4291,Airplane
4292,Airplane
4293,Airplane
4294,Airplane
4295,Airplane
4296,Airplane
4297,Airplane
4298,Airplane
4299,Airplane
4300,Airplane
4301,Airplane
4302,Airplane
4303,Airplane
4304,Airplane
4305,Airplane
4306,Airplane
4307,Airplane
4308,Airplane
4309,Airplane
4310,Airplane
4311,Airplane
4312,Airplane
4313,Airplane
4314,Airplane
4315,Airplane
4316,Airplane
4317,Airplane
4318,Airplane
4319,Airplane
4320,Airplane
4321,Airplane
4322,Airplane
4323,Airplane
4324,Airplane
4325,Airplane
4326,Airplane
4327,Airplane
4328,Airplane
4329,Airplane
4330,Airplane
4331,Airplane
4332,Airplane
4333,Airplane
4334,Airplane
4335,Airplane
4336,Airplane
4337,Airplane
4338,Airplane
4339,Airplane
4340,Airplane
4341,Airplane
4342,Airplane
4343,Airplane
4344,Airplane
4345,Airplane
4346,Airplane
4347,Airplane
4348,Airplane
4349,Airplane
4350,Airplane
4351,Airplane
4352,Airplane
4353,Airplane
4354,Airplane
4355,Airplane
4356,Airplane
4357,Airplane
4358,Airplane
4359,Airplane
4360,Airplane
4361,Airplane
4362,Airplane
4363,Airplane
4364,Airplane
4365,Airplane
4366,Airplane
4367,Airplane
4368,Airplane
4369,Airplane
4370,Airplane
4371,Airplane
4372,Airplane
4373,Airplane
4374,Airplane
4375,Airplane
4376,Airplane
4377,Airplane
4378,Airplane
4379,Airplane
4380,Airplane
4381,Airplane
4382,Airplane
4383,Airplane
4384,Airplane
4385,Airplane
4386,Airplane
4387,Airplane
4388,Airplane
4389,Airplane
4390,Airplane
4391,Airplane
4392,Airplane
4393,Airplane
4394,Airplane
4395,Airplane
4396,Airplane
4397,Airplane
4398,Airplane
4399,Airplane
4400,Airplane
4401,Airplane
4402,Airplane
4403,Airplane
4404,Airplane
4405,Airplane
4406,Airplane
4407,Airplane
4408,Airplane
4409,Airplane
4410,Airplane
4411,Airplane
4412,Airplane
4413,Airplane
4414,Airplane
4415,Airplane
4416,Airplane
4417,Airplane
4418,Airplane
4419,Airplane
4420,Airplane
4421,Airplane
4422,Airplane
4423,Airplane
4424,Airplane
4425,Airplane
4426,Airplane
4427,Airplane
4428,Airplane
4429,Airplane
4430,Airplane
4431,Airplane
4432,Airplane
4433,Airplane
4434,Airplane
4435,Airplane
4436,Airplane
4437,Airplane
4438,Airplane
4439,Airplane
4440,Airplane
4441,Airplane
4442,Airplane
4443,Airplane
4444,Airplane
4445,Airplane
4446,Airplane
4447,Airplane
4448,Airplane
4449,Airplane
4450,Airplane
4451,Airplane
4452,Airplane
4453,Airplane
4454,Airplane
4455,Airplane
4456,Airplane
4457,Airplane
4458,Airplane
4459,Airplane
4460,Airplane
4461,Airplane
4462,Airplane
4463,Airplane
4464,Airplane
4465,Airplane
4466,Airplane
4467,Airplane
4468,Airplane
4469,Airplane
4470,Airplane
4471,Airplane
4472,Airplane
4473,Airplane
4474,Airplane
4475,Airplane
4476,Airplane
4477,Airplane
4478,Airplane
4479,Airplane
4480,Airplane
4481,Airplane
4482,Airplane
4483,Airplane
4484,Airplane
4485,Airplane
4486,Airplane
4487,Airplane
4488,Airplane
4489,Airplane
4490,Airplane
4491,Airplane
4492,Airplane
4493,Airplane
4494,Airplane
4495,Airplane
4496,Airplane
4497,Airplane
4498,Airplane
4499,Airplane
4500,Airplane
4501,Airplane
4502,Airplane
4503,Airplane
4504,Airplane
4505,Airplane
4506,Airplane
4507,Airplane
4508,Airplane
4509,Airplane
4510,Airplane
4511,Airplane
4512,Airplane
4513,Airplane
4514,Airplane
4515,Airplane
4516,Airplane
4517,Airplane
4518,Airplane
4519,Airplane
4520,Airplane
4521,Airplane
4522,Airplane
4523,Airplane
4524,Airplane
4525,Airplane
4526,Airplane
4527,Airplane
4528,Airplane
4529,Airplane
4530,Airplane
4531,Airplane
4532,Airplane
4533,Airplane
4534,Airplane
4535,Airplane
4536,Airplane
4537,Airplane
4538,Airplane
4539,Airplane
4540,Airplane
4541,Airplane
4542,Airplane
4543,Airplane
4544,Airplane
4545,Airplane
4546,Airplane
4547,Airplane
4548,Airplane
4549,Airplane
4550,Airplane
4551,Airplane
4552,Airplane
4553,Airplane
4554,Airplane
4555,Airplane
4556,Airplane
4557,Airplane
4558,Airplane
4559,Airplane
4560,Airplane
4561,Airplane
4562,Airplane
4563,Airplane
4564,Airplane
4565,Airplane
4566,Airplane
4567,Airplane
4568,Airplane
4569,Airplane
4570,Airplane
4571,Airplane
4572,Airplane
4573,Airplane
4574,Airplane
4575,Airplane
4576,Airplane
4577,Airplane
4578,Airplane
4579,Airplane
4580,Airplane
4581,Airplane
4582,Airplane
4583,Airplane
4584,Airplane
4585,Airplane
4586,Airplane
4587,Airplane
4588,Airplane
4589,Airplane
4590,Airplane
4591,Airplane
4592,Airplane
4593,Airplane
4594,Airplane
4595,Airplane
4596,Airplane
4597,Airplane
4598,Airplane
4599,Airplane
4600,Airplane
4601,Airplane
4602,Airplane
4603,Airplane
4604,Airplane
4605,Airplane
4606,Airplane
4607,Airplane
4608,Airplane
4609,Airplane
4610,Airplane
4611,Airplane
4612,Airplane
4613,Airplane
4614,Airplane
4615,Airplane
4616,Airplane
4617,Airplane
4618,Airplane
4619,Airplane
4620,Airplane
4621,Airplane
4622,Airplane
4623,Airplane
4624,Airplane
4625,Airplane
4626,Airplane
4627,Airplane
4628,Airplane
4629,Airplane
4630,Airplane
4631,Airplane
4632,Airplane
4633,Airplane
4634,Airplane
4635,Airplane
4636,Airplane
4637,Airplane
4638,Airplane
4639,Airplane
4640,Airplane
4641,Airplane
4642,Airplane
4643,Airplane
4644,Airplane
4645,Airplane
4646,Airplane
4647,Airplane
4648,Airplane
4649,Airplane
4650,Airplane
4651,Airplane
4652,Airplane
4653,Airplane
4654,Airplane
4655,Airplane
4656,Airplane
4657,Airplane
4658,Airplane
4659,Airplane
4660,Airplane
4661,Airplane
4662,Airplane
4663,Airplane
4664,Airplane
4665,Airplane
4666,Airplane
4667,Airplane
4668,Airplane
4669,Airplane
4670,Airplane
4671,Airplane
4672,Airplane
4673,Airplane
4674,Airplane
4675,Airplane
4676,Airplane
4677,Airplane
4678,Airplane
4679,Airplane
4680,Airplane
4681,Airplane
4682,Airplane
4683,Airplane
4684,Airplane
4685,Airplane
4686,Airplane
4687,Airplane
4688,Airplane
4689,Airplane
4690,Airplane
4691,Airplane
4692,Airplane
4693,Airplane
4694,Airplane
4695,Airplane
4696,Airplane
4697,Airplane
4698,Airplane
4699,Airplane
4700,Airplane
4701,Airplane
4702,Airplane
4703,Airplane
4704,Airplane
4705,Airplane
4706,Airplane
4707,Airplane
4708,Airplane
4709,Airplane
4710,Airplane
4711,Airplane
4712,Airplane
4713,Airplane
4714,Airplane
4715,Airplane
4716,Airplane
4717,Airplane
4718,Airplane
4719,Airplane
4720,Airplane
4721,Airplane
4722,Airplane
4723,Airplane
4724,Airplane
4725,Airplane
4726,Airplane
4727,Airplane
4728,Airplane
4729,Airplane
4730,Airplane
4731,Airplane
4732,Airplane
4733,Airplane
4734,Airplane
4735,Airplane
4736,Airplane
4737,Airplane
4738,Airplane
4739,Airplane
4740,Airplane
4741,Airplane
4742,Airplane
4743,Airplane
4744,Airplane
4745,Airplane
4746,Airplane
4747,Airplane
4748,Airplane
4749,Airplane
4750,Airplane
4751,Airplane
4752,Airplane
4753,Airplane
4754,Airplane
4755,Airplane
4756,Airplane
4757,Airplane
4758,Airplane
4759,Airplane
4760,Airplane
4761,Airplane
4762,Airplane
4763,Airplane
4764,Airplane
4765,Airplane
4766,Airplane
4767,Airplane
4768,Airplane
4769,Airplane
4770,Airplane
4771,Airplane
4772,Airplane
4773,Airplane
4774,Airplane
4775,Airplane
4776,Airplane
4777,Airplane
4778,Airplane
4779,Airplane
4780,Airplane
4781,Airplane
4782,Airplane
4783,Airplane
4784,Airplane
4785,Airplane
4786,Airplane
4787,Airplane
4788,Airplane
4789,Airplane
4790,Airplane
4791,Airplane
4792,Airplane
4793,Airplane
4794,Airplane
4795,Airplane
4796,Airplane
4797,Airplane
4798,Airplane
4799,Airplane
